order_id,customer_id,province,amount,status,order_date,updated_at
1060,83,HoChiMinh,14105608.0,PENDING,2025-07-13,2025-07-13 22:57:00
1070,151,HaiPhong,6248419.0,COMPLETED,2025-05-15,2025-05-15 02:57:00
1012,79,CanTho,8544355.0,SHIPPING,2025-09-04,2025-09-04 18:33:00
840,87,HaiPhong,12607363.0,PENDING,,2025-07-02 18:49:00
1321,119,HaiPhong,9280747.0,CANCELLED,2025-07-25,2025-07-25 08:10:00
1555,52,CanTho,16128764.0,CANCELLED,2025-06-29,2025-06-29 13:28:00
2640,14,CanTho,19455750.0,SHIPPING,2025-02-21,2025-02-21 14:41:00
986,49,DaNang,13344286.0,COMPLETED,2025-01-06,2025-01-06 15:41:00
926,21,HaNoi,15212091.0,SHIPPING,2025-05-17,2025-05-17 23:31:00
437,101,CanTho,14259424.0,PENDING,2025-10-09,2025-10-09 14:48:00
5,189,HaNoi,2591928.0,PENDING,2025-02-01,2025-02-01 05:07:00
2337,95,HoChiMinh,13137466.0,PENDING,2025-09-21,2025-09-21 13:41:00
1374,37,DaNang,2514355.0,Pending,2025-01-14,2025-01-14 11:42:00
1631,95,HoChiMinh,18122690.0,COMPLETED,2025-10-24,2025-10-24 23:28:00
1806,24,HaNoi,9487910.0,PENDING,2025-04-02,2025-04-02 21:27:00
1429,150,DaNang,5775657.0,CANCELLED,2025-13-40,2025-09-29 22:31:00
2440,62,NgheAn,1106468.0,COMPLETED,2025-04-03,2025-04-03 00:28:00
370,59,NgheAn,19523984.0,CANCELLED,2025-02-05,2025-02-05 11:15:00
1917,110,HaNoi,13940588.0,PENDING,2025-02-20,2025-02-20 18:37:00
2246,150,DaNang,832928.0,completed,2025-01-07,2025-01-07 08:39:00
2548,111,DaNang,15369763.0,PENDING,2025-05-10,2025-05-10 17:09:00
2046,86,HaNoi,6533578.0,completed,2025-04-10,2025-04-10 13:19:00
529,35,HaNoi,19479855.0,SHIPPING,2025-09-26,2025-09-26 06:18:00
671,191,CanTho,62960.0,COMPLETED,2025-13-40,2025-09-13 21:20:00
1199,180,HaNoi,11230356.0,SHIPPING,2025-06-10,2025-06-10 00:14:00
927,200,HaNoi,18446156.0,PENDING,2025-06-21,2025-06-21 22:11:00
16,69,HoChiMinh,192467.0,COMPLETED,2025-05-03,2025-05-03 21:18:00
1879,23,HaiPhong,505072.0,CANCELLED,2025-09-23,2025-09-23 04:18:00
1215,144,NgheAn,5585921.0,Cancelled,2025-10-20,2025-10-20 09:20:00
2119,26,HoChiMinh,1602534.0,SHIPPING,2025-05-24,2025-05-24 20:11:00
451,126,HaNoi,13313020.0,SHIPPING,2025-04-08,2025-04-08 10:44:00
1308,190,HaiPhong,17694691.0,PENDING,2025-09-23,2025-09-23 21:27:00
969,142,CanTho,14245036.0,PENDING,2025-03-13,2025-03-13 02:55:00
401,59,DaNang,3268828.0,PENDING,2025-05-27,2025-05-27 17:56:00
841,148,HoChiMinh,5749087.0,PENDING,2025-09-14,2025-09-14 22:05:00
1782,151,HaNoi,12308014.0,CANCELLED,2025-08-21,2025-08-21 20:06:00
98,1,HaiPhong,13724655.0,SHIPPING,2025-04-02,2025-04-02 01:10:00
1115,88,CanTho,8491785.0,COMPLETED,2025-03-17,2025-03-17 05:55:00
2222,6,NgheAn,-374848,SHIPPING,2025-04-08,2025-04-08 15:46:00
2868,10,NgheAn,2661704.0,COMPLETED,2025-07-09,2025-07-09 12:42:00
2514,186,HaNoi,6449105.0,Shipping,2025-03-13,2025-03-13 21:39:00
2545,142,CanTho,8514016.0,Cancelled,2025-06-01,2025-06-01 04:28:00
874,152,HaNoi,1095602.0,PENDING,2025-04-27,2025-04-27 13:29:00
2961,83,HoChiMinh,7669248.0,PENDING,2025-10-08,2025-10-08 04:44:00
2856,100,CanTho,10904747.0,CANCELLED,2025-07-12,2025-07-12 10:44:00
1995,82,HaiPhong,16883484.0,COMPLETED,2025-02-02,2025-02-02 08:20:00
429,52,NgheAn,11874905.0,COMPLETED,2025-03-14,2025-03-14 21:48:00
434,38,NgheAn,7857155.0,COMPLETED,2025-03-24,2025-03-24 17:52:00
1400,103,HaiPhong,14223168.0,SHIPPING,2025-07-11,2025-07-11 04:15:00
1695,55,HoChiMinh,15700670.0,COMPLETED,2025-06-06,2025-06-06 16:50:00
2816,46,HaNoi,9896039.0,CANCELLED,2025-08-07,2025-08-07 01:23:00
2206,134,DaNang,17366950.0,PENDING,2025-06-27,2025-06-27 09:02:00
2688,141,DaNang,13810975.0,SHIPPING,2025-04-19,2025-04-19 15:07:00
2230,161,NgheAn,1232633.0,SHIPPING,2025-09-20,2025-09-20 01:23:00
260,182,NgheAn,13137573.0,COMPLETED,2025-08-07,2025-08-07 02:31:00
1248,45,DaNang,17068236.0,PENDING,2025-04-11,2025-04-11 15:27:00
749,56,HaNoi,14666464.0,CANCELLED,2025-05-02,2025-05-02 14:35:00
2927,168,HaiPhong,3216632.0,PENDING,2025-02-28,2025-02-28 03:26:00
77,86,HaNoi,19434704.0,PENDING,2025-02-02,2025-02-02 07:43:00
1163,26,DaNang,3442825.0,COMPLETED,2025-03-02,2025-03-02 16:30:00
2510,53,NgheAn,,COMPLETED,2025-01-27,2025-01-27 03:54:00
1821,5,HaiPhong,12565415.0,CANCELLED,2025-04-17,2025-04-17 12:02:00
2609,16,NgheAn,4699374.0,SHIPPING,2025-02-01,2025-02-01 06:42:00
1852,133,NgheAn,5149905.0,COMPLETED,2025-08-07,2025-08-07 22:29:00
2306,35,NgheAn,7751312.0,SHIPPING,2025-09-08,2025-09-08 23:45:00
1236,191,HoChiMinh,0,PENDING,2025-09-25,2025-09-25 12:24:00
1792,124,HaiPhong,12076000.0,PENDING,2025-02-22,2025-02-23 12:25:00
2578,159,HaNoi,15581347.0,SHIPPING,2025-05-08,2025-05-08 13:42:00
374,131,NgheAn,10214099.0,COMPLETED,2025-04-28,2025-04-28 06:40:00
507,188,NgheAn,11667861.0,SHIPPING,2025-03-21,2025-03-21 12:47:00
2141,200,CanTho,17805054.0,CANCELLED,2025-05-06,2025-05-06 09:02:00
2488,7,CanTho,5407718.0,COMPLETED,2025-04-28,2025-04-28 04:18:00
1505,196,NgheAn,17853672.0,CANCELLED,2025-06-19,2025-06-19 17:33:00
1837,192,HaNoi,1463953.0,CANCELLED,2025-10-25,2025-10-25 04:44:00
190,65,HaNoi,5442860.0,COMPLETED,2025-01-07,2025-01-07 11:19:00
1673,128,NgheAn,18387121.0,CANCELLED,2025-05-01,2025-05-01 12:14:00
2617,155,NgheAn,6340100.0,COMPLETED,2025-08-05,2025-08-05 21:04:00
622,160,HaiPhong,13967711.0,SHIPPING,2025-04-02,2025-04-02 07:03:00
2407,4,HaNoi,14688615.0,COMPLETED,2025-07-12,2025-07-12 05:25:00
976,1,NgheAn,6004718.0,CANCELLED,2025-10-11,2025-10-11 12:34:00
2557,73,HaiPhong,12563268.0,COMPLETED,2025-04-17,2025-04-17 23:16:00
645,83,CanTho,6939364.0,CANCELLED,2025-07-04,2025-07-04 02:42:00
2141,200,CanTho,254808.0,PENDING,2025-05-06,2025-05-08 03:02:00
229,16,CanTho,2537220.0,CANCELLED,2025-06-14,2025-06-14 10:51:00
2492,193,HaNoi,12413557.0,PENDING,2025-08-05,2025-08-05 11:48:00
492,118,HaNoi,18601604.0,SHIPPING,2025-03-20,2025-03-20 12:51:00
2583,19,CanTho,10623745.0,PENDING,2025-04-03,2025-04-03 00:53:00
1660,80,HoChiMinh,18054018.0,SHIPPING,2025-08-28,2025-08-28 06:28:00
2766,55,NgheAn,5991879.0,PENDING,2025-07-08,2025-07-08 23:57:00
1351,41,HoChiMinh,13966102.0,SHIPPING,2025-10-07,2025-10-07 21:43:00
730,84,HoChiMinh,4350589.0,COMPLETED,2025-08-29,2025-08-29 21:49:00
2251,136,HoChiMinh,12994821.0,SHIPPING,2025-10-15,2025-10-15 05:00:00
853,38,HaiPhong,2492481.0,PENDING,2025-07-27,2025-07-27 09:07:00
242,133,NgheAn,6883688.0,PENDING,2025-05-13,2025-05-13 16:01:00
848,41,NgheAn,8800767.0,PENDING,2025-03-01,2025-03-01 07:35:00
918,94,HaiPhong,4570678.0,PENDING,2025-01-26,2025-01-26 13:46:00
2787,132,NgheAn,0,COMPLETED,2025-01-09,2025-01-09 01:14:00
1366,1,HaNoi,3871350.0,COMPLETED,2025-06-17,2025-06-17 09:56:00
2373,107,HaiPhong,2717173.0,COMPLETED,2025-01-05,2025-01-05 15:58:00
1072,65,CanTho,2491303.0,SHIPPING,2025-09-26,2025-09-26 08:10:00
2122,156,HaNoi,16878081.0,CANCELLED,2025-05-02,2025-05-02 23:58:00
2970,92,NgheAn,11288701.0,PENDING,2025-06-10,2025-06-10 08:02:00
881,65,HaNoi,7555924.0,PENDING,2025-08-05,2025-08-05 00:13:00
2974,137,CanTho,-218633,SHIPPING,2025-09-25,2025-09-25 02:05:00
2969,95,CanTho,18206176.0,SHIPPING,2025-13-40,2025-02-23 08:35:00
1342,94,HaNoi,4982024.0,PENDING,2025-03-26,2025-03-26 21:31:00
538,180,CanTho,5455742.0,COMPLETED,2025-01-28,2025-01-28 10:07:00
2877,173,CanTho,946042.0,PENDING,2025-02-05,2025-02-05 06:04:00
2409,31,HaNoi,2808498.0,SHIPPING,2025-07-24,2025-07-24 07:05:00
1670,161,DaNang,10211451.0,COMPLETED,2025-04-04,2025-04-04 13:52:00
2684,5,DaNang,6409780.0,PENDING,2025-05-03,2025-05-03 04:14:00
2880,109,CanTho,13164744.0,PENDING,2025-09-24,2025-09-24 18:49:00
2247,124,HaNoi,13928051.0,SHIPPING,2025-09-25,2025-09-25 05:40:00
1207,84,HaNoi,19590124.0,PENDING,2025-06-01,2025-06-01 09:27:00
188,155,DaNang,13276028.0,SHIPPING,31/02/2025,2025-03-03 14:28:00
78,169,HaiPhong,17071169.0,COMPLETED,2025-10-03,2025-10-03 12:17:00
2165,191,CanTho,10662181.0,COMPLETED,2025-02-03,2025-02-03 13:57:00
84,130,DaNang,19004986.0,PENDING,2025-06-19,2025-06-19 16:26:00
80,39,DaNang,4827864.0,CANCELLED,2025-06-18,2025-06-18 02:20:00
133,150,DaNang,6956720.0,COMPLETED,2025-08-26,2025-08-26 03:44:00
1344,64,HoChiMinh,13017956.0,SHIPPING,2025-03-16,2025-03-16 05:22:00
2298,144,NgheAn,12797057.0,CANCELLED,2025-05-14,2025-05-14 00:49:00
1337,164,HoChiMinh,14843985.0,COMPLETED,2025-09-05,2025-09-05 09:39:00
446,150,DaNang,585632.0,PENDING,2025-03-03,2025-03-03 23:58:00
338,200,HaiPhong,5828420.0,PENDING,2025-04-22,2025-04-22 08:23:00
1638,105,HoChiMinh,11332515.0,COMPLETED,2025-13-40,2025-10-25 03:56:00
2320,46,DaNang,4218212.0,COMPLETED,2025-05-01,2025-05-01 16:59:00
954,92,HaNoi,-176486,PENDING,2025-03-11,2025-03-11 19:02:00
996,316,HaiPhong,16198412.0,SHIPPING,2025-06-10,2025-06-10 06:28:00
2294,9,NgheAn,12485864.0,COMPLETED,31/02/2025,2025-09-04 18:16:00
2533,34,HaNoi,898679.0,COMPLETED,2025-08-04,2025-08-04 00:34:00
1690,73,HaiPhong,17623301.0,SHIPPING,2025-06-26,2025-06-26 09:27:00
1445,71,HaNoi,1936646.0,PENDING,2025-05-07,2025-05-07 01:17:00
231,141,HaiPhong,11716111.0,Completed,2025-05-07,2025-05-07 21:11:00
2064,10,CanTho,7855238.0,SHIPPING,2025-02-09,2025-02-09 19:36:00
2838,91,DaNang,,CANCELLED,2025-01-12,2025-01-12 14:18:00
97,12,DaNang,3241760.0,SHIPPING,2025-04-19,2025-04-19 14:28:00
1041,84,NgheAn,13281054.0,PENDING,2025-05-26,2025-05-26 13:22:00
898,25,HaNoi,4415835.0,CANCELLED,2025-08-27,2025-08-27 05:35:00
2410,78,HoChiMinh,0,COMPLETED,2025-09-11,2025-09-11 13:22:00
2966,100,HaiPhong,10972401.0,CANCELLED,2025-04-09,2025-04-09 03:53:00
2728,28,HaNoi,14741022.0,PENDING,2025-13-40,2025-10-23 07:33:00
123,174,HaiPhong,19012951.0,PENDING,2025-01-22,2025-01-22 00:21:00
1147,21,NgheAn,10951247.0,SHIPPING,2025-09-15,2025-09-15 09:52:00
1553,100,CanTho,12466640.0,SHIPPING,2025-02-03,2025-02-03 19:44:00
34,43,HoChiMinh,17203376.0,CANCELLED,2025-03-21,2025-03-21 17:10:00
2798,160,HaiPhong,12376916.0,cancelled,2025-02-01,2025-02-01 06:21:00
268,527,DaNang,5638120.0,PENDING,2025-08-15,2025-08-15 23:21:00
1138,38,CanTho,4871505.0,COMPLETED,2025-02-28,2025-02-28 11:18:00
2323,21,HaiPhong,5583198.0,PENDING,2025-10-22,2025-10-22 14:54:00
2881,45,HaiPhong,19721712.0,CANCELLED,2025-08-18,2025-08-18 06:09:00
596,53,HaNoi,2830807.0,COMPLETED,2025-03-23,2025-03-23 09:03:00
1989,130,HaNoi,12944668.0,COMPLETED,2025-03-17,2025-03-17 18:57:00
1024,166,HaNoi,10892192.0,COMPLETED,2025-09-02,2025-09-02 01:10:00
712,183,CanTho,2366876.0,PENDING,2025-06-11,2025-06-11 22:19:00
2504,17,NgheAn,16291070.0,COMPLETED,2025-13-40,2025-01-24 11:37:00
2844,30,NgheAn,7704323.0,SHIPPING,2025-09-14,2025-09-14 22:42:00
2922,82,HoChiMinh,8194037.0,COMPLETED,2025-01-20,2025-01-20 06:12:00
2072,122,NgheAn,12756343.0,PENDING,2025-03-15,2025-03-15 15:11:00
826,164,HaiPhong,9982568.0,SHIPPING,2025-03-03,2025-03-03 11:35:00
2464,62,HaNoi,11065275.0,PENDING,2025-06-02,2025-06-02 16:30:00
847,94,HaiPhong,9455557.0,COMPLETED,2025-01-11,2025-01-11 16:28:00
2088,259,HaiPhong,4369723.0,CANCELLED,2025-01-21,2025-01-21 02:02:00
2387,10,DaNang,9396428.0,CANCELLED,2025-03-31,2025-04-01 19:48:00
2527,64,HaNoi,10633938.0,CANCELLED,2025-10-05,2025-10-05 04:59:00
323,12,DaNang,4366602.0,PENDING,2025-01-16,2025-01-16 04:46:00
965,182,HaNoi,4327213.0,PENDING,2025-07-27,2025-07-27 01:42:00
1132,187,DaNang,16315281.0,COMPLETED,2025-07-17,2025-07-17 00:39:00
2762,157,HoChiMinh,12606502.0,SHIPPING,2025-03-04,2025-03-04 23:26:00
2605,161,HaNoi,876791.0,COMPLETED,2025-08-30,2025-08-30 11:21:00
1379,186,HaNoi,1865448.0,SHIPPING,,2025-02-15 17:04:00
1518,124,NgheAn,5422861.0,PENDING,2025-04-01,2025-04-01 00:53:00
1948,158,DaNang,2630248.0,PENDING,2025-07-20,2025-07-20 20:33:00
2932,242,DaNang,4806225.0,CANCELLED,2025-04-12,2025-04-12 07:12:00
731,37,HaiPhong,7667630.0,SHIPPING,2025-04-04,2025-04-04 18:52:00
1181,80,HaNoi,18906978.0,SHIPPING,2025-07-12,2025-07-14 15:57:00
2638,29,HoChiMinh,18250334.0,SHIPPING,2025-10-17,2025-10-17 19:32:00
1664,154,HoChiMinh,8565221.0,SHIPPING,2025-05-18,2025-05-18 01:39:00
2505,372,CanTho,3258467.0,CANCELLED,2025-04-14,2025-04-14 03:50:00
1485,80,HaNoi,7389249.0,SHIPPING,2025-07-18,2025-07-18 21:24:00
398,142,CanTho,6723744.0,PENDING,2025-07-01,2025-07-01 13:58:00
967,13,HaNoi,13416070.0,COMPLETED,2025-03-11,2025-03-11 02:18:00
1190,77,HoChiMinh,19144598.0,COMPLETED,2025-10-28,2025-10-28 16:25:00
743,13,NgheAn,17005842.0,CANCELLED,2025-03-11,2025-03-11 09:59:00
350,181,HaNoi,9617247.0,PENDING,2025-07-31,2025-07-31 09:55:00
1881,40,HaNoi,9628681.0,SHIPPING,2025-01-16,2025-01-16 07:20:00
491,98,HaiPhong,11738621.0,SHIPPING,2025-05-30,2025-05-30 20:36:00
2861,152,HaiPhong,6326269.0,COMPLETED,2025-04-13,2025-04-13 12:03:00
72,3,HaiPhong,951334.0,SHIPPING,2025-07-30,2025-07-30 02:34:00
2517,8,HoChiMinh,3964127.0,SHIPPING,2025-09-26,2025-09-26 16:25:00
1039,118,CanTho,523620.0,CANCELLED,2025-05-24,2025-05-24 18:28:00
1579,118,HaNoi,7355392.0,COMPLETED,31/02/2025,2025-09-12 18:01:00
290,47,CanTho,13467593.0,PENDING,2025-01-11,2025-01-11 04:31:00
1853,151,HoChiMinh,14281555.0,PENDING,2025-03-26,2025-03-26 22:41:00
2493,72,NgheAn,11900362.0,Shipping,2025-07-16,2025-07-16 05:12:00
2036,169,CanTho,17114936.0,COMPLETED,2025-01-07,2025-01-07 07:32:00
902,80,CanTho,19615644.0,PENDING,2025-03-24,2025-03-24 20:26:00
1713,15,HaNoi,13577892.0,SHIPPING,2025-04-29,2025-04-29 12:35:00
334,89,HaiPhong,4167175.0,COMPLETED,2025-01-11,2025-01-11 10:30:00
488,6,NgheAn,14794615.0,PENDING,2025-06-15,2025-06-15 08:18:00
731,37,HaiPhong,9042751.0,COMPLETED,2025-04-04,2025-04-05 17:52:00
345,79,HaiPhong,17907489.0,SHIPPING,2025-02-13,2025-02-13 05:23:00
2467,151,NgheAn,215223.0,CANCELLED,2025-06-05,2025-06-05 02:22:00
261,7,HaNoi,18822691.0,SHIPPING,2025-01-18,2025-01-18 20:40:00
119,82,DaNang,4845572.0,CANCELLED,2025-06-16,2025-06-16 07:45:00
634,89,HoChiMinh,9185519.0,COMPLETED,2025-07-28,2025-07-28 07:20:00
1442,22,HaNoi,19610199.0,CANCELLED,,2025-02-18 08:48:00
2878,59,CanTho,16097253.0,PENDING,2025-02-15,2025-02-15 02:18:00
903,175,DaNang,5123184.0,PENDING,2025-04-12,2025-04-12 09:09:00
2269,75,DaNang,16929394.0,CANCELLED,2025-09-26,2025-09-26 02:35:00
2574,40,HaNoi,15821031.0,cancelled,2025-10-27,2025-10-27 22:19:00
1451,90,HaNoi,14173078.0,CANCELLED,2025-07-04,2025-07-04 17:14:00
103,150,HoChiMinh,18557780.0,CANCELLED,2025-10-07,2025-10-07 18:58:00
1166,49,DaNang,3275112.0,CANCELLED,2025-03-25,2025-03-25 23:04:00
2179,115,NgheAn,5240507.0,CANCELLED,2025-05-09,2025-05-09 09:31:00
2664,158,NgheAn,13631103.0,SHIPPING,2025-07-11,2025-07-11 12:23:00
1696,284,CanTho,19350791.0,COMPLETED,2025-09-08,2025-09-08 05:33:00
2258,671,CanTho,15026573.0,CANCELLED,2025-06-15,2025-06-15 18:41:00
2283,26,HaNoi,5979397.0,SHIPPING,2025-03-09,2025-03-09 03:35:00
539,142,CanTho,19395732.0,Pending,2025-07-25,2025-07-25 02:09:00
1009,78,HoChiMinh,0,PENDING,2025-08-14,2025-08-14 01:32:00
1081,61,HaiPhong,17077145.0,PENDING,2025-09-20,2025-09-20 00:24:00
215,105,HaNoi,10036680.0,PENDING,2025-01-01,2025-01-01 11:26:00
1640,84,DaNang,18492087.0,SHIPPING,2025-05-03,2025-05-03 07:00:00
45,39,NgheAn,2173385.0,CANCELLED,2025-05-20,2025-05-20 22:31:00
1226,77,HoChiMinh,18331277.0,SHIPPING,2025-07-09,2025-07-09 21:30:00
2363,95,NgheAn,17027715.0,PENDING,2025-05-04,2025-05-04 18:25:00
2804,17,CanTho,19345418.0,Completed,2025-03-08,2025-03-08 10:40:00
2417,119,CanTho,11022482.0,CANCELLED,2025-07-13,2025-07-14 16:25:00
1454,131,HaNoi,19462413.0,CANCELLED,2025-01-17,2025-01-17 04:48:00
227,85,HoChiMinh,13420133.0,PENDING,2025-03-28,2025-03-28 12:49:00
1438,120,CanTho,16050643.0,SHIPPING,2025-10-17,2025-10-17 13:11:00
2753,185,CanTho,1669859.0,COMPLETED,2025-06-27,2025-06-27 18:42:00
2652,32,HaiPhong,11097456.0,SHIPPING,2025-09-03,2025-09-03 20:31:00
728,11,HoChiMinh,909662.0,COMPLETED,2025-02-21,2025-02-21 08:33:00
2073,188,CanTho,5808104.0,CANCELLED,2025-03-23,2025-03-23 10:21:00
2567,149,NgheAn,1368604.0,SHIPPING,2025-02-07,2025-02-07 19:15:00
948,179,CanTho,8071376.0,CANCELLED,2025-13-40,2025-06-30 08:32:00
2904,11,HaNoi,0,SHIPPING,2025-10-22,2025-10-22 05:33:00
2163,177,DaNang,5806205.0,COMPLETED,2025-03-19,2025-03-19 00:20:00
1144,58,CanTho,12842153.0,COMPLETED,2025-01-29,2025-01-29 18:04:00
664,133,HoChiMinh,7035414.0,CANCELLED,2025-02-10,2025-02-10 12:50:00
849,62,NgheAn,9759203.0,PENDING,2025-09-21,2025-09-21 11:42:00
973,33,CanTho,16191850.0,SHIPPING,2025-01-25,2025-01-25 22:47:00
90,144,CanTho,5246814.0,PENDING,2025-01-31,2025-01-31 03:22:00
2929,481,CanTho,17060367.0,SHIPPING,2025-08-29,2025-08-29 06:45:00
2524,186,CanTho,13893100.0,PENDING,2025-05-20,2025-05-20 03:07:00
2871,56,HaNoi,3454430.0,SHIPPING,2025-03-12,2025-03-12 15:14:00
1895,93,HaiPhong,18765721.0,CANCELLED,2025-03-09,2025-03-10 13:13:00
2361,22,CanTho,10217896.0,CANCELLED,2025-10-19,2025-10-19 05:23:00
313,131,HaiPhong,14023669.0,COMPLETED,2025-04-15,2025-04-15 01:31:00
1346,24,HaiPhong,3022387.0,SHIPPING,,2025-10-10 02:24:00
2813,69,HaNoi,19887988.0,SHIPPING,2025-09-03,2025-09-03 19:47:00
1567,88,HaNoi,17396847.0,PENDING,2025-02-12,2025-02-12 09:14:00
2674,190,HaiPhong,13061721.0,SHIPPING,2025-09-24,2025-09-24 11:50:00
2553,175,HoChiMinh,18962801.0,SHIPPING,2025-10-10,2025-10-10 10:48:00
2346,42,HoChiMinh,-61984,SHIPPING,2025-06-24,2025-06-24 17:27:00
744,127,HaNoi,12320576.0,PENDING,2025-05-17,2025-05-17 01:20:00
498,145,NgheAn,10077353.0,COMPLETED,2025-09-06,2025-09-06 10:43:00
2542,199,HaiPhong,7327934.0,PENDING,2025-10-28,2025-10-28 02:05:00
683,71,HoChiMinh,9377420.0,SHIPPING,2025-02-01,2025-02-01 07:25:00
1468,80,CanTho,2784219.0,COMPLETED,2025-01-14,2025-01-14 12:00:00
2987,58,HoChiMinh,16694495.0,SHIPPING,2025-01-26,2025-01-26 18:37:00
1091,139,HoChiMinh,-416133,SHIPPING,2025-02-26,2025-02-26 15:27:00
1549,52,CanTho,7006194.0,SHIPPING,2025-09-15,2025-09-15 21:09:00
2615,29,NgheAn,16062121.0,COMPLETED,2025-10-18,2025-10-18 09:26:00
1926,173,HoChiMinh,18924575.0,SHIPPING,2025-10-18,2025-10-18 21:28:00
1801,126,NgheAn,12590666.0,COMPLETED,2025-10-20,2025-10-20 19:04:00
206,62,HaiPhong,7394995.0,SHIPPING,2025-08-16,2025-08-16 19:06:00
2234,673,DaNang,17773278.0,PENDING,2025-03-10,2025-03-10 06:25:00
1224,29,HaiPhong,12586520.0,CANCELLED,2025-04-13,2025-04-13 23:25:00
2852,56,HaiPhong,15531145.0,COMPLETED,,2025-02-28 18:40:00
442,10,NgheAn,19022456.0,PENDING,2025-09-02,2025-09-02 13:59:00
1280,127,HaNoi,10898216.0,CANCELLED,2025-01-07,2025-01-07 23:24:00
1101,495,HaiPhong,7414368.0,CANCELLED,2025-09-22,2025-09-22 18:10:00
2820,172,DaNang,13410257.0,CANCELLED,2025-09-14,2025-09-14 17:11:00
325,516,CanTho,19710466.0,COMPLETED,2025-01-30,2025-01-30 15:21:00
1637,169,HoChiMinh,12157007.0,SHIPPING,2025-05-26,2025-05-26 15:46:00
485,119,DaNang,3775051.0,COMPLETED,2025-04-15,2025-04-15 19:37:00
1605,127,HaNoi,2787069.0,SHIPPING,2025-06-09,2025-06-09 21:15:00
2496,9,CanTho,6552928.0,COMPLETED,2025-05-23,2025-05-23 17:27:00
1140,16,HaiPhong,9402859.0,COMPLETED,2025-03-02,2025-03-02 00:22:00
461,16,HaNoi,1375345.0,COMPLETED,2025-02-18,2025-02-18 01:06:00
327,30,HaiPhong,13395476.0,COMPLETED,2025-04-16,2025-04-17 15:22:00
989,86,CanTho,-137249,CANCELLED,2025-02-28,2025-02-28 10:38:00
2478,59,HaiPhong,5989368.0,COMPLETED,2025-09-14,2025-09-14 17:34:00
1494,101,HaNoi,4321450.0,PENDING,2025-02-16,2025-02-16 05:13:00
1741,188,HaNoi,-62894,CANCELLED,2025-04-02,2025-04-02 21:23:00
1151,20,CanTho,19960365.0,COMPLETED,2025-07-28,2025-07-28 10:34:00
1870,169,CanTho,10221004.0,PENDING,2025-03-05,2025-03-05 21:39:00
530,110,HaiPhong,15555084.0,COMPLETED,2025-03-28,2025-03-28 00:19:00
2111,195,DaNang,11717431.0,COMPLETED,2025-05-02,2025-05-02 18:51:00
1435,82,CanTho,4515461.0,PENDING,2025-03-02,2025-03-02 19:46:00
1756,90,HaNoi,12901858.0,Cancelled,2025-07-08,2025-07-08 18:26:00
228,165,DaNang,111427.0,PENDING,2025-08-15,2025-08-15 18:31:00
1231,23,DaNang,2821490.0,PENDING,2025-07-13,2025-07-13 02:23:00
156,25,HaNoi,4484755.0,PENDING,2025-07-18,2025-07-18 09:56:00
2515,81,HoChiMinh,19973658.0,CANCELLED,2025-07-25,2025-07-25 22:42:00
322,27,HoChiMinh,6082729.0,SHIPPING,2025-10-20,2025-10-20 02:32:00
2462,84,NgheAn,13620278.0,PENDING,2025-06-22,2025-06-22 01:58:00
1769,117,NgheAn,5254233.0,CANCELLED,2025-02-05,2025-02-05 01:42:00
1736,132,HaiPhong,5237824.0,PENDING,2025-08-02,2025-08-02 07:34:00
623,32,DaNang,5585088.0,SHIPPING,2025-04-04,2025-04-04 10:53:00
1197,115,NgheAn,13186063.0,SHIPPING,31/02/2025,2025-10-06 01:43:00
1930,355,CanTho,4925749.0,CANCELLED,2025-05-10,2025-05-10 22:08:00
2328,99,HaiPhong,5508321.0,PENDING,2025-09-04,2025-09-04 00:47:00
1137,78,CanTho,19556841.0,SHIPPING,2025-01-14,2025-01-14 16:51:00
2094,7,HaNoi,16367977.0,CANCELLED,2025-06-17,2025-06-17 06:48:00
2508,9,HoChiMinh,5397171.0,COMPLETED,2025-07-30,2025-07-30 17:21:00
691,51,HaiPhong,19561271.0,COMPLETED,2025-05-10,2025-05-10 08:46:00
1453,154,NgheAn,7137674.0,COMPLETED,2025-01-16,2025-01-16 00:42:00
1428,111,HaiPhong,17725708.0,CANCELLED,2025-02-12,2025-02-12 08:17:00
2054,92,DaNang,19776350.0,SHIPPING,2025-05-16,2025-05-16 02:31:00
2535,108,HaiPhong,19631293.0,completed,2025-07-01,2025-07-01 18:42:00
1170,22,HoChiMinh,2343557.0,PENDING,2025-10-28,2025-10-28 08:44:00
168,79,HaNoi,16229166.0,COMPLETED,2025-06-23,2025-06-23 05:23:00
761,62,HoChiMinh,13717380.0,CANCELLED,2025-09-21,2025-09-21 16:20:00
2875,168,DaNang,10100965.0,CANCELLED,2025-08-17,2025-08-17 11:28:00
1262,19,CanTho,5638769.0,COMPLETED,2025-06-21,2025-06-21 12:37:00
2397,93,CanTho,1553342.0,PENDING,2025-10-16,2025-10-16 04:19:00
885,154,HoChiMinh,11355196.0,COMPLETED,31/02/2025,2025-02-15 05:52:00
2942,8,CanTho,2748140.0,SHIPPING,2025-06-06,2025-06-06 16:00:00
2066,145,HaiPhong,4863812.0,PENDING,2025-08-04,2025-08-04 10:43:00
1189,136,CanTho,6942956.0,PENDING,2025-06-09,2025-06-09 16:33:00
571,103,HaNoi,14305063.0,CANCELLED,2025-03-23,2025-03-25 11:26:00
1758,528,HaNoi,4485863.0,SHIPPING,2025-03-10,2025-03-10 17:16:00
1338,124,HaNoi,19747382.0,SHIPPING,31/02/2025,2025-05-22 11:07:00
1871,196,HaiPhong,12345191.0,CANCELLED,2025-07-02,2025-07-04 09:32:00
489,680,DaNang,2490666.0,PENDING,2025-08-02,2025-08-02 02:22:00
1334,89,NgheAn,10693062.0,COMPLETED,2025-04-02,2025-04-02 14:19:00
49,24,HaiPhong,5982017.0,PENDING,2025-01-02,2025-01-02 19:11:00
1890,269,HaNoi,13354500.0,PENDING,2025-05-05,2025-05-05 07:06:00
2528,70,HaiPhong,2501385.0,CANCELLED,2025-03-30,2025-03-30 16:36:00
1345,259,NgheAn,13421533.0,SHIPPING,2025-07-20,2025-07-20 12:10:00
1398,180,HoChiMinh,1979571.0,COMPLETED,2025-03-05,2025-03-05 06:21:00
218,55,DaNang,126465.0,COMPLETED,2025-08-21,2025-08-21 07:44:00
660,91,NgheAn,18411178.0,Cancelled,2025-04-02,2025-04-02 17:03:00
1461,196,DaNang,504385.0,PENDING,2025-04-11,2025-04-11 06:53:00
1787,131,NgheAn,2103189.0,Completed,2025-09-04,2025-09-04 03:28:00
1090,179,CanTho,16008196.0,SHIPPING,2025-04-13,2025-04-13 02:22:00
247,172,DaNang,14547257.0,CANCELLED,2025-10-13,2025-10-13 09:35:00
65,135,CanTho,0,COMPLETED,2025-09-14,2025-09-14 13:18:00
2485,136,NgheAn,4527399.0,SHIPPING,2025-08-22,2025-08-22 10:31:00
1057,100,HaiPhong,0,PENDING,2025-10-06,2025-10-06 05:48:00
1182,120,HaiPhong,5273397.0,SHIPPING,2025-01-04,2025-01-04 00:29:00
526,124,HoChiMinh,1624095.0,CANCELLED,2025-01-28,2025-01-28 10:22:00
436,147,NgheAn,4597515.0,COMPLETED,2025-08-20,2025-08-20 17:31:00
10,12,HoChiMinh,14549069.0,SHIPPING,2025-01-07,2025-01-07 20:28:00
1443,14,DaNang,19420835.0,SHIPPING,2025-01-06,2025-01-06 02:13:00
1249,126,DaNang,8261063.0,COMPLETED,2025-09-26,2025-09-26 06:23:00
2136,42,DaNang,7730759.0,CANCELLED,2025-04-20,2025-04-20 22:16:00
2935,90,HoChiMinh,-135599,COMPLETED,2025-07-08,2025-07-08 18:34:00
1794,76,CanTho,1961493.0,COMPLETED,2025-02-15,2025-02-15 17:49:00
964,112,HoChiMinh,13244211.0,PENDING,2025-02-27,2025-02-27 09:12:00
1859,129,NgheAn,17861375.0,PENDING,2025-07-14,2025-07-14 17:18:00
2614,63,NgheAn,0,PENDING,2025-05-27,2025-05-27 12:46:00
2907,93,HaiPhong,824334.0,CANCELLED,2025-01-22,2025-01-22 15:38:00
2339,68,NgheAn,5129068.0,COMPLETED,2025-01-26,2025-01-26 06:11:00
2321,75,HaNoi,8975231.0,PENDING,2025-01-30,2025-01-30 15:36:00
1118,85,HaNoi,12624228.0,COMPLETED,2025-08-09,2025-08-09 16:14:00
838,111,HaiPhong,6238873.0,COMPLETED,2025-09-04,2025-09-04 15:01:00
2187,148,NgheAn,17985423.0,Shipping,2025-05-20,2025-05-20 23:24:00
245,153,NgheAn,0,PENDING,2025-06-28,2025-06-28 08:01:00
2530,101,HoChiMinh,13013964.0,SHIPPING,2025-05-31,2025-05-31 16:56:00
2509,79,NgheAn,12608616.0,COMPLETED,2025-02-14,2025-02-14 06:31:00
171,93,DaNang,9373092.0,SHIPPING,2025-06-05,2025-06-05 05:37:00
1842,80,HaiPhong,15537901.0,COMPLETED,2025-10-09,2025-10-09 05:45:00
326,111,HaiPhong,12535803.0,CANCELLED,2025-04-15,2025-04-15 10:41:00
363,26,NgheAn,10347388.0,SHIPPING,2025-05-31,2025-05-31 06:12:00
2920,70,HaiPhong,13062174.0,SHIPPING,2025-09-20,2025-09-20 21:56:00
795,113,HoChiMinh,9308673.0,SHIPPING,2025-07-01,2025-07-01 18:19:00
2148,65,NgheAn,4998274.0,COMPLETED,2025-05-17,2025-05-17 09:19:00
2776,66,DaNang,12540492.0,CANCELLED,2025-04-25,2025-04-25 02:00:00
1358,195,NgheAn,527722.0,SHIPPING,2025-06-17,2025-06-17 16:36:00
546,70,HaiPhong,1398666.0,Completed,2025-09-22,2025-09-22 21:46:00
1800,170,HoChiMinh,8226064.0,COMPLETED,2025-02-14,2025-02-14 04:12:00
1328,560,HaNoi,8428627.0,PENDING,2025-08-06,2025-08-06 17:37:00
303,162,HaNoi,1759276.0,CANCELLED,2025-09-16,2025-09-16 20:09:00
2680,23,DaNang,6218553.0,COMPLETED,2025-01-24,2025-01-24 22:36:00
1066,149,DaNang,8411350.0,PENDING,2025-03-08,2025-03-08 10:47:00
336,55,NgheAn,16421351.0,SHIPPING,2025-10-27,2025-10-27 23:56:00
2414,301,HoChiMinh,8556540.0,SHIPPING,2025-08-07,2025-08-07 17:57:00
1149,142,HaiPhong,2416349.0,SHIPPING,2025-06-28,2025-06-28 23:59:00
2214,36,HaNoi,18245798.0,COMPLETED,2025-04-16,2025-04-16 08:55:00
414,36,HaiPhong,18942804.0,PENDING,2025-07-12,2025-07-12 19:09:00
779,126,CanTho,767974.0,CANCELLED,2025-03-28,2025-03-28 07:01:00
1496,146,HoChiMinh,10174605.0,COMPLETED,2025-01-08,2025-01-08 12:12:00
1034,91,HoChiMinh,11650324.0,SHIPPING,2025-08-28,2025-08-28 01:19:00
1652,12,HoChiMinh,5816473.0,CANCELLED,2025-04-19,2025-04-19 00:06:00
733,61,HaNoi,13504167.0,PENDING,2025-04-07,2025-04-07 23:46:00
1732,123,NgheAn,5201315.0,CANCELLED,2025-09-02,2025-09-02 13:09:00
893,67,NgheAn,529619.0,COMPLETED,2025-08-22,2025-08-22 12:51:00
1982,193,HoChiMinh,15030940.0,PENDING,2025-03-25,2025-03-25 03:44:00
2547,103,HaiPhong,3465216.0,Cancelled,2025-08-22,2025-08-22 10:38:00
463,188,CanTho,16965311.0,PENDING,,2025-04-10 21:05:00
2385,133,HaNoi,0,SHIPPING,2025-06-24,2025-06-24 12:18:00
1141,37,HoChiMinh,3773345.0,SHIPPING,2025-04-14,2025-04-14 22:57:00
506,46,HaNoi,1572177.0,SHIPPING,2025-07-05,2025-07-05 18:45:00
2149,71,HaiPhong,18381282.0,pending,2025-08-26,2025-08-26 02:09:00
768,196,CanTho,18641766.0,PENDING,2025-03-12,2025-03-12 23:12:00
1270,6,DaNang,0,SHIPPING,2025-07-15,2025-07-15 14:21:00
2441,145,CanTho,7150137.0,COMPLETED,2025-07-30,2025-07-30 12:15:00
196,41,HaiPhong,14870982.0,Completed,2025-03-19,2025-03-19 09:05:00
280,53,HaNoi,2152009.0,PENDING,2025-07-05,2025-07-05 13:06:00
2315,124,HoChiMinh,16023870.0,SHIPPING,,2025-03-13 21:46:00
549,131,NgheAn,0,CANCELLED,2025-09-24,2025-09-24 17:56:00
1187,89,HoChiMinh,15897027.0,SHIPPING,2025-01-12,2025-01-12 20:53:00
1384,14,NgheAn,12801945.0,CANCELLED,2025-04-07,2025-04-09 08:54:00
2499,378,DaNang,2439068.0,CANCELLED,2025-08-17,2025-08-17 23:39:00
2460,1,DaNang,12077722.0,COMPLETED,2025-07-21,2025-07-21 05:11:00
581,151,DaNang,4213136.0,CANCELLED,2025-07-04,2025-07-04 18:45:00
536,126,DaNang,18071470.0,CANCELLED,2025-03-23,2025-03-24 03:28:00
2897,163,HaNoi,9284051.0,PENDING,2025-10-01,2025-10-01 15:52:00
1274,13,HoChiMinh,18023070.0,CANCELLED,2025-08-08,2025-08-08 16:47:00
435,61,NgheAn,1068985.0,CANCELLED,2025-04-23,2025-04-23 19:54:00
1705,112,NgheAn,19356301.0,CANCELLED,2025-03-20,2025-03-20 21:34:00
2596,52,NgheAn,12996496.0,PENDING,2025-10-28,2025-10-28 13:32:00
1520,172,HaiPhong,18946790.0,CANCELLED,2025-07-15,2025-07-15 12:51:00
2737,434,CanTho,8029912.0,SHIPPING,2025-05-14,2025-05-14 20:16:00
421,7,NgheAn,10657413.0,PENDING,2025-13-40,2025-09-18 13:07:00
1501,116,CanTho,0,CANCELLED,2025-09-21,2025-09-21 12:39:00
2606,64,DaNang,3011181.0,PENDING,2025-04-04,2025-04-04 14:38:00
1502,179,CanTho,1728211.0,COMPLETED,2025-02-19,2025-02-19 12:00:00
1209,109,HaNoi,14953178.0,COMPLETED,2025-01-17,2025-01-17 00:34:00
2783,3,NgheAn,10126896.0,SHIPPING,2025-01-07,2025-01-07 04:29:00
692,139,HoChiMinh,1886049.0,PENDING,2025-06-10,2025-06-10 16:00:00
2031,79,DaNang,989734.0,COMPLETED,2025-05-02,2025-05-02 14:04:00
1527,11,HoChiMinh,17373733.0,CANCELLED,2025-02-21,2025-02-21 22:18:00
2754,83,DaNang,16787064.0,PENDING,2025-01-18,2025-01-18 04:42:00
2731,162,HaNoi,13427617.0,CANCELLED,2025-08-29,2025-08-29 02:05:00
91,72,DaNang,3151028.0,PENDING,2025-06-11,2025-06-11 17:48:00
1745,157,HoChiMinh,8192037.0,CANCELLED,2025-08-28,2025-08-28 18:51:00
1356,32,HaiPhong,15047193.0,COMPLETED,2025-02-26,2025-02-26 07:38:00
829,57,HoChiMinh,12712170.0,CANCELLED,2025-06-18,2025-06-18 07:28:00
1634,72,HoChiMinh,17778743.0,Shipping,2025-05-17,2025-05-17 05:53:00
1936,194,HoChiMinh,444418.0,COMPLETED,2025-09-17,2025-09-17 02:19:00
415,109,NgheAn,352593.0,CANCELLED,2025-07-26,2025-07-26 23:22:00
490,36,CanTho,3255451.0,CANCELLED,2025-01-25,2025-01-25 23:49:00
2887,40,NgheAn,12166957.0,PENDING,2025-03-25,2025-03-25 09:07:00
704,155,HoChiMinh,4682711.0,COMPLETED,2025-08-01,2025-08-01 18:47:00
559,83,CanTho,916947.0,PENDING,2025-08-14,2025-08-14 03:38:00
439,63,HoChiMinh,-415596,COMPLETED,2025-08-10,2025-08-10 08:11:00
1907,194,CanTho,12389496.0,SHIPPING,2025-10-16,2025-10-16 07:46:00
1831,101,HoChiMinh,2260840.0,SHIPPING,2025-10-17,2025-10-17 06:46:00
718,124,DaNang,18063222.0,CANCELLED,2025-03-20,2025-03-20 04:16:00
2540,146,CanTho,19882774.0,PENDING,,2025-02-06 09:54:00
2872,191,NgheAn,,PENDING,2025-04-16,2025-04-16 01:38:00
377,77,CanTho,7460562.0,CANCELLED,2025-06-13,2025-06-13 14:27:00
346,92,CanTho,9629314.0,PENDING,2025-04-11,2025-04-11 19:56:00
122,30,CanTho,316703.0,Pending,2025-02-25,2025-02-25 06:12:00
756,23,HaiPhong,11000455.0,PENDING,2025-08-25,2025-08-25 19:11:00
1999,72,HaNoi,10381534.0,COMPLETED,2025-04-28,2025-04-28 20:16:00
2194,4,DaNang,2774715.0,SHIPPING,2025-07-17,2025-07-19 10:52:00
2292,42,DaNang,13942273.0,CANCELLED,2025-10-25,2025-10-25 08:09:00
157,138,NgheAn,1647283.0,CANCELLED,2025-08-21,2025-08-21 16:30:00
773,122,HaNoi,18669829.0,COMPLETED,2025-03-12,2025-03-12 14:12:00
2474,190,HoChiMinh,10076775.0,SHIPPING,2025-06-27,2025-06-27 19:39:00
2103,168,HaNoi,8816055.0,PENDING,2025-02-27,2025-02-27 03:04:00
1779,131,NgheAn,13529654.0,COMPLETED,2025-06-06,2025-06-06 10:43:00
2582,145,DaNang,15956536.0,PENDING,2025-03-04,2025-03-04 13:09:00
172,190,HoChiMinh,2862603.0,CANCELLED,2025-02-18,2025-02-18 08:29:00
2482,108,HaiPhong,14283051.0,SHIPPING,2025-02-17,2025-02-17 00:07:00
2013,74,HaiPhong,1868508.0,PENDING,2025-01-02,2025-01-02 05:41:00
43,51,CanTho,4663223.0,PENDING,2025-06-25,2025-06-25 19:44:00
2180,101,HaiPhong,17805068.0,PENDING,2025-06-03,2025-06-03 01:07:00
2451,164,HaNoi,5281150.0,SHIPPING,2025-05-12,2025-05-12 20:24:00
2851,194,NgheAn,10594907.0,PENDING,2025-01-23,2025-01-23 11:48:00
520,152,HaNoi,17136899.0,PENDING,2025-05-12,2025-05-12 12:53:00
1918,54,HaNoi,18654379.0,PENDING,2025-06-20,2025-06-20 21:49:00
2060,141,HaNoi,8255646.0,PENDING,2025-09-23,2025-09-23 19:30:00
62,121,HaiPhong,2548839.0,CANCELLED,31/02/2025,2025-06-25 07:53:00
2168,164,NgheAn,2313174.0,PENDING,2025-01-27,2025-01-27 00:24:00
1932,168,HaiPhong,3270651.0,COMPLETED,2025-08-14,2025-08-14 09:42:00
1757,179,HaiPhong,,COMPLETED,2025-08-10,2025-08-10 01:02:00
278,78,HoChiMinh,14573017.0,SHIPPING,2025-03-04,2025-03-04 15:42:00
1506,120,DaNang,19596716.0,SHIPPING,2025-08-02,2025-08-02 09:11:00
1123,150,HaiPhong,4602860.0,CANCELLED,2025-03-23,2025-03-23 20:40:00
205,44,HaiPhong,8977897.0,PENDING,2025-03-28,2025-03-28 12:17:00
2058,135,DaNang,12362970.0,SHIPPING,2025-13-40,2025-06-26 09:14:00
852,89,CanTho,16928520.0,Pending,2025-07-28,2025-07-28 09:03:00
2359,105,NgheAn,13721352.0,COMPLETED,2025-10-20,2025-10-20 15:32:00
608,85,NgheAn,-37830,COMPLETED,2025-09-21,2025-09-21 14:32:00
1608,39,CanTho,2187422.0,COMPLETED,2025-01-22,2025-01-22 13:18:00
462,38,NgheAn,15211104.0,PENDING,2025-06-26,2025-06-26 08:03:00
2170,188,HaiPhong,10430937.0,CANCELLED,2025-04-02,2025-04-02 22:12:00
1538,50,HaiPhong,10910273.0,COMPLETED,2025-10-28,2025-10-30 08:32:00
2156,112,HoChiMinh,14333220.0,SHIPPING,2025-02-22,2025-02-22 17:39:00
406,195,DaNang,2868071.0,SHIPPING,31/02/2025,2025-01-30 03:51:00
1404,143,HaiPhong,18100368.0,PENDING,2025-02-11,2025-02-11 05:51:00
1174,54,CanTho,5378027.0,SHIPPING,2025-06-14,2025-06-14 01:54:00
464,642,NgheAn,10332901.0,PENDING,2025-02-18,2025-02-18 13:58:00
2866,125,HaiPhong,11784909.0,PENDING,2025-03-03,2025-03-03 18:51:00
1401,91,NgheAn,,COMPLETED,2025-09-05,2025-09-05 02:46:00
569,75,HaiPhong,13256267.0,SHIPPING,2025-04-11,2025-04-11 20:32:00
1530,166,HaiPhong,5445903.0,CANCELLED,2025-02-14,2025-02-14 01:11:00
715,174,CanTho,12354038.0,COMPLETED,2025-09-19,2025-09-19 04:42:00
25,156,HaiPhong,15092812.0,PENDING,2025-06-19,2025-06-19 16:35:00
1820,24,NgheAn,6990105.0,PENDING,2025-05-30,2025-05-30 20:22:00
817,162,HaNoi,19797235.0,SHIPPING,2025-03-17,2025-03-17 20:27:00
646,10,DaNang,14646763.0,COMPLETED,2025-09-27,2025-09-27 14:41:00
1131,161,HaiPhong,4008516.0,CANCELLED,2025-10-21,2025-10-21 08:37:00
1286,41,HaiPhong,17740008.0,SHIPPING,2025-10-02,2025-10-02 00:54:00
2725,61,DaNang,3777990.0,COMPLETED,2025-09-16,2025-09-16 22:35:00
141,122,NgheAn,5483156.0,CANCELLED,2025-02-20,2025-02-20 06:37:00
308,120,CanTho,1037953.0,CANCELLED,2025-09-11,2025-09-11 17:50:00
2727,52,HoChiMinh,4948109.0,COMPLETED,2025-03-30,2025-03-30 07:14:00
575,54,CanTho,12254128.0,COMPLETED,31/02/2025,2025-10-28 00:20:00
1029,78,NgheAn,0,CANCELLED,2025-04-26,2025-04-26 06:07:00
161,197,HaNoi,10379456.0,SHIPPING,2025-06-26,2025-06-26 17:47:00
941,122,HoChiMinh,5175257.0,PENDING,2025-06-16,2025-06-16 01:54:00
1441,17,DaNang,710525.0,PENDING,2025-01-15,2025-01-15 07:14:00
2669,202,HaNoi,12021236.0,SHIPPING,2025-03-16,2025-03-16 20:05:00
455,8,HoChiMinh,11282162.0,COMPLETED,2025-02-19,2025-02-19 19:17:00
2033,91,NgheAn,10315489.0,COMPLETED,31/02/2025,2025-05-13 18:37:00
1590,32,DaNang,15989409.0,SHIPPING,2025-09-28,2025-09-28 20:56:00
2333,614,HaiPhong,14505415.0,COMPLETED,2025-03-15,2025-03-15 15:33:00
2531,51,CanTho,10622592.0,PENDING,2025-07-17,2025-07-17 15:24:00
541,16,NgheAn,2272556.0,PENDING,2025-09-04,2025-09-04 00:02:00
1789,67,CanTho,3016977.0,PENDING,2025-04-13,2025-04-13 04:57:00
641,129,HaNoi,14557292.0,SHIPPING,2025-10-14,2025-10-14 04:17:00
1903,37,HaNoi,2620337.0,Shipping,2025-08-26,2025-08-26 07:59:00
120,183,NgheAn,10635069.0,PENDING,2025-02-06,2025-02-06 00:08:00
588,190,HaNoi,5161682.0,CANCELLED,2025-05-15,2025-05-15 22:03:00
2805,132,HoChiMinh,2398199.0,PENDING,2025-08-15,2025-08-15 11:12:00
450,64,DaNang,965066.0,SHIPPING,2025-05-15,2025-05-15 08:42:00
899,57,HoChiMinh,13269299.0,COMPLETED,2025-07-18,2025-07-18 20:47:00
825,2,CanTho,-110579,PENDING,2025-02-05,2025-02-05 09:35:00
2796,95,HaNoi,11470324.0,PENDING,2025-01-03,2025-01-03 15:11:00
742,109,HaiPhong,12152138.0,SHIPPING,2025-07-03,2025-07-03 12:26:00
2726,171,NgheAn,7557959.0,SHIPPING,2025-04-21,2025-04-21 05:19:00
1573,122,HaiPhong,5418427.0,SHIPPING,2025-05-17,2025-05-17 14:09:00
1340,88,HaiPhong,17276171.0,COMPLETED,2025-08-19,2025-08-19 03:17:00
1675,44,HaiPhong,6218694.0,SHIPPING,2025-05-12,2025-05-12 09:32:00
1305,48,HoChiMinh,6809498.0,CANCELLED,2025-05-18,2025-05-18 05:42:00
2986,34,CanTho,13406772.0,CANCELLED,2025-08-31,2025-08-31 14:42:00
2685,102,HaNoi,199820.0,SHIPPING,2025-09-16,2025-09-16 21:44:00
2166,58,CanTho,11705465.0,SHIPPING,2025-09-15,2025-09-15 16:24:00
358,54,DaNang,12669592.0,SHIPPING,2025-03-24,2025-03-24 21:00:00
2575,60,HoChiMinh,11557745.0,CANCELLED,2025-04-27,2025-04-27 04:50:00
1898,116,HaNoi,4574851.0,COMPLETED,2025-13-40,2025-03-04 12:45:00
342,50,CanTho,2158089.0,SHIPPING,2025-08-30,2025-08-30 22:53:00
1960,79,HoChiMinh,1334617.0,COMPLETED,2025-02-14,2025-02-14 00:39:00
221,186,NgheAn,12991569.0,SHIPPING,2025-02-05,2025-02-05 13:59:00
2204,187,HaiPhong,0,SHIPPING,2025-10-09,2025-10-09 01:28:00
1410,106,NgheAn,15044273.0,COMPLETED,2025-04-25,2025-04-25 23:30:00
1981,178,NgheAn,1050156.0,COMPLETED,2025-10-03,2025-10-03 23:39:00
1244,41,HaNoi,823173.0,COMPLETED,2025-10-14,2025-10-14 13:07:00
1882,196,NgheAn,4182430.0,CANCELLED,2025-02-08,2025-02-08 07:52:00
2483,34,CanTho,9500718.0,SHIPPING,2025-05-29,2025-05-29 06:21:00
1339,44,NgheAn,17521454.0,COMPLETED,2025-04-26,2025-04-26 03:07:00
93,166,HaiPhong,15055731.0,COMPLETED,2025-02-17,2025-02-17 05:10:00
2431,169,HaiPhong,9095691.0,CANCELLED,,2025-09-06 07:40:00
821,75,HoChiMinh,13789097.0,COMPLETED,2025-07-01,2025-07-01 15:41:00
685,165,DaNang,5674617.0,PENDING,2025-10-17,2025-10-17 16:08:00
2807,118,NgheAn,13835477.0,CANCELLED,2025-01-16,2025-01-16 22:10:00
1223,33,DaNang,16646080.0,Completed,2025-02-05,2025-02-05 05:05:00
427,524,CanTho,8610484.0,PENDING,2025-09-14,2025-09-14 17:19:00
2641,84,DaNang,13237161.0,CANCELLED,2025-09-12,2025-09-12 18:44:00
2051,55,DaNang,12793646.0,PENDING,2025-08-11,2025-08-11 07:16:00
327,30,HaiPhong,7726928.0,CANCELLED,2025-04-16,2025-04-16 15:22:00
1381,139,HaiPhong,16280227.0,SHIPPING,2025-03-25,2025-03-25 12:15:00
276,2,DaNang,719025.0,PENDING,2025-08-25,2025-08-25 12:18:00
217,178,DaNang,9617931.0,CANCELLED,2025-06-16,2025-06-16 04:04:00
1934,125,HaiPhong,18906399.0,CANCELLED,2025-03-02,2025-03-02 14:17:00
455,8,HoChiMinh,1809491.0,PENDING,2025-02-19,2025-02-20 12:17:00
846,40,DaNang,19995151.0,CANCELLED,2025-03-01,2025-03-01 13:37:00
929,64,CanTho,-241344,COMPLETED,2025-04-24,2025-04-24 10:19:00
2009,3,HaNoi,17195982.0,COMPLETED,2025-05-30,2025-05-30 21:28:00
1405,58,HoChiMinh,518278.0,PENDING,2025-09-07,2025-09-07 12:54:00
1523,129,HaiPhong,11089852.0,SHIPPING,2025-06-12,2025-06-12 20:33:00
980,166,NgheAn,10127738.0,PENDING,2025-10-11,2025-10-11 08:54:00
423,106,DaNang,13390868.0,CANCELLED,2025-03-01,2025-03-01 11:24:00
1367,12,HaNoi,18668278.0,SHIPPING,2025-02-16,2025-02-16 22:47:00
1921,188,CanTho,4597416.0,SHIPPING,,2025-07-05 12:43:00
2811,107,HaNoi,4340988.0,COMPLETED,2025-03-07,2025-03-07 12:32:00
1894,112,DaNang,16147577.0,SHIPPING,2025-03-13,2025-03-13 11:35:00
2391,113,CanTho,6440602.0,CANCELLED,2025-02-06,2025-02-06 00:04:00
654,135,HaiPhong,7900205.0,SHIPPING,2025-03-12,2025-03-12 12:19:00
2842,27,HaiPhong,17531327.0,CANCELLED,2025-03-24,2025-03-24 09:24:00
1099,137,DaNang,3297392.0,SHIPPING,2025-05-22,2025-05-22 21:27:00
1191,186,HoChiMinh,17246116.0,Cancelled,2025-01-20,2025-01-20 07:21:00
1239,129,HaiPhong,12595471.0,PENDING,2025-04-28,2025-04-28 01:33:00
2035,24,HoChiMinh,19414391.0,COMPLETED,2025-09-01,2025-09-01 06:23:00
2616,157,CanTho,6222444.0,CANCELLED,2025-09-15,2025-09-15 09:36:00
2275,168,DaNang,10559741.0,PENDING,2025-02-02,2025-02-02 00:02:00
2668,117,HaiPhong,12166870.0,COMPLETED,2025-07-07,2025-07-07 07:39:00
1764,72,HaiPhong,6734680.0,CANCELLED,2025-07-29,2025-07-29 11:43:00
839,101,HoChiMinh,17451948.0,SHIPPING,,2025-04-14 07:35:00
2044,82,DaNang,13984249.0,PENDING,2025-03-19,2025-03-19 04:54:00
2752,119,HaiPhong,15718105.0,CANCELLED,2025-05-29,2025-05-29 09:21:00
2730,142,DaNang,596482.0,CANCELLED,2025-04-04,2025-04-04 07:58:00
1015,30,HaNoi,15657914.0,SHIPPING,2025-03-10,2025-03-10 09:19:00
387,96,CanTho,16024524.0,PENDING,2025-09-22,2025-09-22 15:19:00
1928,83,HaNoi,15951194.0,SHIPPING,2025-02-19,2025-02-19 08:55:00
320,169,DaNang,14440230.0,PENDING,2025-01-12,2025-01-12 23:35:00
1838,96,DaNang,17029544.0,COMPLETED,2025-07-26,2025-07-26 16:19:00
2367,177,HaNoi,2200414.0,PENDING,2025-10-12,2025-10-12 14:00:00
1142,133,HaiPhong,11498799.0,CANCELLED,2025-10-06,2025-10-06 09:37:00
2169,154,CanTho,11339966.0,CANCELLED,2025-05-21,2025-05-21 15:50:00
783,13,HaiPhong,18566484.0,COMPLETED,2025-10-01,2025-10-01 11:40:00
136,7,NgheAn,364190.0,CANCELLED,2025-08-17,2025-08-17 18:32:00
331,8,CanTho,11432201.0,SHIPPING,2025-09-25,2025-09-25 00:53:00
1755,126,HoChiMinh,18962719.0,COMPLETED,2025-05-15,2025-05-15 08:20:00
2829,164,NgheAn,8041853.0,Cancelled,2025-10-05,2025-10-05 08:11:00
2045,141,HaiPhong,7915505.0,CANCELLED,2025-04-25,2025-04-25 23:21:00
1804,47,DaNang,3108685.0,CANCELLED,2025-04-17,2025-04-17 21:05:00
911,132,HaNoi,10422724.0,COMPLETED,2025-04-01,2025-04-01 12:48:00
1406,77,HaiPhong,19957076.0,CANCELLED,2025-06-03,2025-06-03 09:27:00
981,23,HoChiMinh,8690127.0,Cancelled,2025-03-18,2025-03-18 21:35:00
1816,155,CanTho,9775845.0,COMPLETED,2025-10-22,2025-10-22 03:53:00
585,156,HaNoi,19342238.0,Completed,2025-03-09,2025-03-09 13:32:00
834,70,HaNoi,902685.0,CANCELLED,2025-03-03,2025-03-03 22:41:00
2526,82,HaNoi,7245762.0,SHIPPING,2025-03-15,2025-03-15 21:03:00
2027,22,HoChiMinh,9484747.0,PENDING,2025-06-05,2025-06-05 23:35:00
60,19,DaNang,5366473.0,PENDING,2025-02-28,2025-02-28 21:45:00
782,402,CanTho,7437540.0,CANCELLED,2025-01-24,2025-01-24 09:07:00
2343,115,CanTho,19750973.0,PENDING,2025-08-13,2025-08-13 23:34:00
376,41,CanTho,12292436.0,SHIPPING,2025-05-18,2025-05-18 00:46:00
1264,108,NgheAn,12488682.0,SHIPPING,2025-09-15,2025-09-15 15:14:00
705,43,HaiPhong,14156960.0,PENDING,2025-03-25,2025-03-25 23:31:00
2985,115,CanTho,13798406.0,SHIPPING,2025-09-29,2025-09-29 03:17:00
1203,151,HaiPhong,1660982.0,PENDING,2025-09-10,2025-09-10 18:40:00
533,84,DaNang,11042372.0,CANCELLED,2025-10-28,2025-10-28 03:34:00
2529,177,HoChiMinh,3193377.0,COMPLETED,2025-05-07,2025-05-07 17:09:00
1628,79,CanTho,11985124.0,CANCELLED,2025-02-15,2025-02-15 00:33:00
2415,24,DaNang,16266879.0,COMPLETED,2025-02-10,2025-02-10 02:13:00
1644,119,CanTho,14975501.0,SHIPPING,2025-07-13,2025-07-13 20:07:00
1482,151,CanTho,14344677.0,COMPLETED,2025-02-18,2025-02-18 15:02:00
2618,91,CanTho,6913806.0,COMPLETED,2025-02-13,2025-02-13 08:15:00
659,159,NgheAn,7209096.0,PENDING,2025-07-22,2025-07-22 00:06:00
2181,62,HaNoi,15138378.0,COMPLETED,2025-01-01,2025-01-01 06:28:00
314,57,HaNoi,3828368.0,SHIPPING,2025-08-31,2025-09-01 01:52:00
1426,162,HaiPhong,5544877.0,COMPLETED,2025-09-13,2025-09-13 04:39:00
2565,165,HoChiMinh,4030240.0,COMPLETED,2025-06-28,2025-06-28 06:09:00
2777,63,HoChiMinh,4322258.0,COMPLETED,2025-09-30,2025-09-30 19:37:00
457,190,CanTho,2049595.0,CANCELLED,2025-04-18,2025-04-18 12:08:00
652,146,NgheAn,1467399.0,PENDING,2025-09-17,2025-09-17 18:20:00
2244,49,HaiPhong,7195020.0,PENDING,2025-06-10,2025-06-10 05:58:00
2983,4,CanTho,-72003,SHIPPING,2025-06-23,2025-06-23 00:54:00
2089,36,CanTho,8975597.0,COMPLETED,2025-02-13,2025-02-13 04:27:00
2151,120,HaiPhong,18104788.0,SHIPPING,2025-06-14,2025-06-14 02:51:00
1801,126,NgheAn,6994947.0,SHIPPING,2025-10-20,2025-10-21 02:04:00
2039,168,HoChiMinh,18867923.0,COMPLETED,2025-04-30,2025-05-01 06:33:00
1150,44,HaiPhong,3197072.0,CANCELLED,2025-05-27,2025-05-27 16:15:00
2793,162,HaNoi,4150705.0,CANCELLED,2025-02-27,2025-02-27 06:35:00
2327,48,CanTho,7151778.0,COMPLETED,2025-07-27,2025-07-27 23:54:00
1238,82,NgheAn,3645496.0,CANCELLED,2025-03-06,2025-03-06 07:01:00
1861,112,NgheAn,8287481.0,Cancelled,2025-01-29,2025-01-29 11:05:00
146,76,CanTho,2609671.0,COMPLETED,2025-05-08,2025-05-08 10:57:00
1716,69,HaNoi,6008979.0,SHIPPING,2025-10-05,2025-10-05 00:40:00
915,163,HaiPhong,11327507.0,SHIPPING,2025-09-09,2025-09-09 20:11:00
364,23,NgheAn,17308083.0,SHIPPING,2025-03-25,2025-03-25 04:53:00
2463,56,NgheAn,19748397.0,SHIPPING,2025-06-29,2025-06-29 01:22:00
399,164,NgheAn,13684981.0,PENDING,2025-07-10,2025-07-10 13:05:00
185,179,CanTho,18577116.0,COMPLETED,2025-10-21,2025-10-21 08:58:00
2131,159,HaNoi,12536075.0,COMPLETED,2025-07-03,2025-07-03 20:43:00
2317,167,HaiPhong,11830191.0,PENDING,2025-10-05,2025-10-05 16:47:00
145,176,HoChiMinh,9963181.0,CANCELLED,2025-10-07,2025-10-07 01:22:00
1548,37,HaiPhong,11786323.0,PENDING,2025-05-22,2025-05-22 08:31:00
285,82,NgheAn,3763353.0,Completed,2025-09-16,2025-09-16 01:00:00
1025,7,HaiPhong,12147214.0,COMPLETED,2025-09-02,2025-09-02 03:47:00
1753,98,HoChiMinh,6679974.0,CANCELLED,2025-06-17,2025-06-17 00:33:00
2215,58,HoChiMinh,2360434.0,Shipping,2025-10-17,2025-10-17 12:43:00
2396,420,HoChiMinh,8494825.0,SHIPPING,2025-03-26,2025-03-26 00:10:00
759,15,HoChiMinh,7694258.0,SHIPPING,2025-07-12,2025-07-12 12:20:00
1055,170,NgheAn,13213214.0,CANCELLED,2025-10-11,2025-10-11 23:39:00
2579,57,CanTho,14290752.0,SHIPPING,2025-10-23,2025-10-23 04:39:00
590,165,DaNang,13490026.0,COMPLETED,2025-05-20,2025-05-20 13:53:00
329,135,NgheAn,15980155.0,SHIPPING,2025-08-03,2025-08-03 10:47:00
818,106,HaNoi,2145994.0,SHIPPING,2025-04-12,2025-04-12 20:05:00
411,193,HaiPhong,1493329.0,CANCELLED,2025-08-09,2025-08-09 21:59:00
2899,103,HaNoi,10548429.0,COMPLETED,2025-10-13,2025-10-13 06:53:00
281,161,HaiPhong,19225585.0,COMPLETED,2025-07-05,2025-07-05 03:43:00
2374,89,HaiPhong,1973005.0,SHIPPING,2025-10-18,2025-10-18 04:09:00
888,148,CanTho,12614750.0,SHIPPING,2025-07-03,2025-07-03 20:03:00
2367,177,HaNoi,10053035.0,CANCELLED,2025-10-12,2025-10-13 02:00:00
2184,14,CanTho,10195182.0,CANCELLED,2025-05-23,2025-05-23 15:20:00
2445,121,HaiPhong,18431630.0,SHIPPING,2025-03-01,2025-03-01 14:20:00
2430,92,NgheAn,3441446.0,SHIPPING,2025-07-10,2025-07-10 12:17:00
2632,127,HoChiMinh,16309818.0,PENDING,2025-10-20,2025-10-20 22:40:00
2686,169,HaNoi,14068071.0,CANCELLED,2025-13-40,2025-03-24 07:30:00
2503,43,HaiPhong,8572848.0,SHIPPING,2025-06-02,2025-06-02 23:31:00
2260,143,HaiPhong,3320292.0,PENDING,2025-10-15,2025-10-15 16:00:00
2249,290,NgheAn,11309435.0,PENDING,2025-01-27,2025-01-27 16:59:00
1490,55,HaiPhong,2325792.0,SHIPPING,2025-05-04,2025-05-04 10:11:00
1275,45,HaiPhong,19080870.0,SHIPPING,2025-04-13,2025-04-13 03:14:00
1900,525,HaiPhong,17399036.0,SHIPPING,2025-03-28,2025-03-28 16:31:00
2860,137,HaiPhong,18258480.0,SHIPPING,2025-07-01,2025-07-01 09:43:00
2679,139,NgheAn,2207421.0,COMPLETED,2025-04-15,2025-04-15 09:39:00
1044,471,NgheAn,16350377.0,COMPLETED,2025-10-09,2025-10-09 12:10:00
2080,62,CanTho,6596015.0,PENDING,2025-06-13,2025-06-13 14:22:00
1762,75,HoChiMinh,15053672.0,SHIPPING,2025-01-07,2025-01-07 04:16:00
1643,130,CanTho,16553168.0,PENDING,2025-04-21,2025-04-21 10:33:00
677,22,HoChiMinh,7297350.0,Pending,2025-02-25,2025-02-25 15:25:00
2859,58,HaiPhong,17901338.0,CANCELLED,2025-03-04,2025-03-04 20:10:00
1095,64,HaiPhong,15980679.0,SHIPPING,2025-03-31,2025-03-31 22:48:00
1175,99,NgheAn,5566971.0,SHIPPING,2025-09-11,2025-09-11 20:14:00
1654,159,NgheAn,2622641.0,SHIPPING,2025-03-31,2025-04-02 04:22:00
2622,193,DaNang,17971914.0,CANCELLED,2025-05-17,2025-05-17 20:20:00
1470,104,CanTho,14693489.0,PENDING,2025-01-20,2025-01-20 15:39:00
2498,80,CanTho,443716.0,COMPLETED,2025-09-21,2025-09-21 08:14:00
2928,91,NgheAn,2751965.0,Cancelled,2025-04-06,2025-04-06 18:42:00
1808,24,HaNoi,695466.0,PENDING,2025-04-20,2025-04-20 22:31:00
1395,195,HaNoi,6215338.0,CANCELLED,2025-04-20,2025-04-20 11:07:00
1261,90,HaiPhong,4966731.0,CANCELLED,2025-05-05,2025-05-05 06:30:00
2062,48,HoChiMinh,2123081.0,PENDING,2025-04-07,2025-04-07 20:19:00
1714,12,HoChiMinh,,PENDING,2025-01-11,2025-01-11 07:15:00
632,78,DaNang,14979657.0,SHIPPING,2025-07-22,2025-07-22 22:20:00
380,24,NgheAn,5777685.0,COMPLETED,2025-10-25,2025-10-25 22:21:00
201,161,HaNoi,2678046.0,COMPLETED,2025-09-01,2025-09-01 16:48:00
1709,150,DaNang,15868486.0,COMPLETED,2025-07-28,2025-07-28 04:34:00
2683,29,NgheAn,17065818.0,CANCELLED,2025-10-06,2025-10-06 07:25:00
1720,118,HoChiMinh,15724364.0,PENDING,2025-01-02,2025-01-02 07:16:00
2437,178,HaiPhong,12256355.0,PENDING,2025-04-18,2025-04-18 14:56:00
1770,108,DaNang,18216952.0,PENDING,2025-06-12,2025-06-12 16:43:00
599,24,HaNoi,16719966.0,PENDING,2025-05-05,2025-05-05 12:12:00
2790,112,HoChiMinh,14675224.0,CANCELLED,2025-05-24,2025-05-24 22:51:00
1665,200,CanTho,11340707.0,COMPLETED,2025-07-08,2025-07-08 18:10:00
328,138,HaNoi,9045951.0,COMPLETED,2025-04-19,2025-04-19 15:50:00
770,241,HaNoi,4435315.0,SHIPPING,2025-05-10,2025-05-10 03:48:00
1096,695,DaNang,1249532.0,COMPLETED,2025-02-06,2025-02-06 11:34:00
2263,112,HoChiMinh,10895303.0,SHIPPING,2025-08-25,2025-08-25 17:27:00
1110,15,HaNoi,1632592.0,Completed,2025-02-09,2025-02-09 05:38:00
2458,29,NgheAn,-202517,COMPLETED,2025-05-27,2025-05-27 08:41:00
710,105,HoChiMinh,3915118.0,COMPLETED,2025-07-17,2025-07-17 00:51:00
2536,192,DaNang,8789030.0,CANCELLED,2025-07-21,2025-07-21 09:43:00
2590,175,HaiPhong,7955994.0,PENDING,2025-05-04,2025-05-04 14:44:00
2830,198,CanTho,9006135.0,SHIPPING,2025-07-27,2025-07-28 02:23:00
697,119,HoChiMinh,9031405.0,CANCELLED,2025-01-18,2025-01-18 17:02:00
468,144,DaNang,14380633.0,COMPLETED,2025-07-10,2025-07-10 07:56:00
2378,583,HaiPhong,6594569.0,PENDING,2025-08-02,2025-08-02 08:52:00
46,61,HoChiMinh,11460888.0,SHIPPING,2025-10-02,2025-10-02 16:12:00
2077,84,CanTho,4085533.0,COMPLETED,2025-08-16,2025-08-16 02:16:00
564,86,HoChiMinh,951676.0,SHIPPING,2025-06-11,2025-06-11 04:43:00
624,18,HaiPhong,16524666.0,SHIPPING,2025-08-03,2025-08-03 22:42:00
2548,111,DaNang,7671403.0,COMPLETED,2025-05-10,2025-05-11 06:09:00
990,118,HaNoi,12356021.0,PENDING,2025-08-03,2025-08-03 19:17:00
1363,80,CanTho,7197889.0,CANCELLED,2025-05-06,2025-05-06 07:43:00
820,405,HoChiMinh,3290345.0,PENDING,2025-08-03,2025-08-03 13:38:00
1499,126,HaNoi,8041388.0,COMPLETED,2025-10-13,2025-10-13 02:42:00
2380,158,HaiPhong,9464274.0,SHIPPING,2025-01-06,2025-01-06 01:43:00
54,5,CanTho,1608245.0,SHIPPING,2025-09-23,2025-09-23 22:51:00
2903,48,NgheAn,5411217.0,SHIPPING,2025-03-10,2025-03-10 14:16:00
1587,144,CanTho,1880122.0,CANCELLED,2025-09-05,2025-09-05 07:24:00
1664,154,HoChiMinh,17964460.0,COMPLETED,2025-05-18,2025-05-19 08:39:00
1589,100,NgheAn,8259527.0,CANCELLED,2025-06-07,2025-06-07 17:57:00
2495,122,HaNoi,16597795.0,PENDING,2025-08-09,2025-08-09 12:46:00
2525,189,HaNoi,15973976.0,PENDING,2025-13-40,2025-09-09 21:55:00
1030,43,HaiPhong,15890070.0,SHIPPING,2025-09-07,2025-09-07 01:11:00
1097,64,DaNang,4185968.0,COMPLETED,2025-05-22,2025-05-22 17:48:00
42,193,HaNoi,4512049.0,CANCELLED,2025-02-10,2025-02-10 17:05:00
2137,185,HoChiMinh,8480160.0,SHIPPING,2025-09-03,2025-09-03 06:34:00
576,108,CanTho,8018563.0,PENDING,2025-06-22,2025-06-22 21:49:00
1146,340,NgheAn,11216646.0,CANCELLED,2025-05-04,2025-05-04 19:36:00
1645,671,HaiPhong,17408092.0,SHIPPING,2025-06-29,2025-06-29 08:05:00
1572,44,HaiPhong,7579084.0,PENDING,2025-05-04,2025-05-04 21:12:00
1276,128,HaiPhong,11817269.0,COMPLETED,2025-02-09,2025-02-09 11:17:00
1909,29,CanTho,,SHIPPING,2025-01-30,2025-01-30 04:28:00
1855,189,HoChiMinh,1064776.0,CANCELLED,2025-03-08,2025-03-08 23:21:00
679,140,NgheAn,18694209.0,COMPLETED,2025-05-26,2025-05-26 22:53:00
2949,46,NgheAn,12277567.0,PENDING,2025-08-22,2025-08-22 17:23:00
1536,158,HaNoi,15822647.0,Cancelled,2025-04-13,2025-04-13 14:54:00
2008,167,CanTho,7453904.0,SHIPPING,2025-07-04,2025-07-04 16:22:00
64,183,HaiPhong,365104.0,COMPLETED,2025-03-24,2025-03-24 03:33:00
483,20,CanTho,11679311.0,CANCELLED,2025-01-27,2025-01-27 05:42:00
2267,138,HaNoi,4273984.0,CANCELLED,2025-01-13,2025-01-13 03:15:00
100,151,HaiPhong,19722965.0,COMPLETED,2025-05-17,2025-05-17 18:17:00
1333,38,DaNang,6605795.0,SHIPPING,2025-05-27,2025-05-28 05:36:00
1949,142,NgheAn,3080745.0,CANCELLED,2025-13-40,2025-09-03 07:38:00
1533,117,HaiPhong,16747185.0,PENDING,2025-07-11,2025-07-11 13:13:00
1433,31,HoChiMinh,3161339.0,SHIPPING,2025-03-25,2025-03-25 08:49:00
2237,129,CanTho,11672017.0,SHIPPING,2025-07-18,2025-07-18 14:14:00
2020,41,HaiPhong,10990294.0,COMPLETED,2025-10-03,2025-10-03 09:46:00
2657,138,CanTho,11749482.0,PENDING,2025-08-28,2025-08-28 08:48:00
314,57,HaNoi,755036.0,CANCELLED,2025-08-31,2025-08-31 21:52:00
2890,26,CanTho,12707420.0,PENDING,2025-04-20,2025-04-20 19:17:00
547,186,HaNoi,19491585.0,PENDING,2025-08-13,2025-08-13 10:17:00
951,152,HaiPhong,17537382.0,SHIPPING,2025-04-09,2025-04-09 19:39:00
2277,16,CanTho,12689605.0,CANCELLED,2025-06-17,2025-06-17 04:48:00
568,139,CanTho,2627900.0,CANCELLED,2025-03-13,2025-03-13 01:36:00
1153,129,CanTho,10623492.0,SHIPPING,2025-07-27,2025-07-27 02:56:00
1409,61,HoChiMinh,18818253.0,CANCELLED,2025-09-14,2025-09-15 11:55:00
2286,65,HaNoi,13694518.0,CANCELLED,,2025-10-19 11:51:00
2401,40,DaNang,5851164.0,CANCELLED,31/02/2025,2025-01-16 02:04:00
2906,60,HaiPhong,-346759,COMPLETED,2025-04-01,2025-04-01 00:27:00
2758,674,HoChiMinh,9244358.0,COMPLETED,2025-07-17,2025-07-17 13:12:00
1841,83,HaNoi,6495220.0,CANCELLED,2025-02-02,2025-02-02 02:35:00
1610,158,HoChiMinh,1720332.0,COMPLETED,2025-01-06,2025-01-06 14:39:00
1286,41,HaiPhong,2707044.0,SHIPPING,2025-10-02,2025-10-02 07:54:00
151,118,DaNang,9563454.0,CANCELLED,2025-02-03,2025-02-03 14:09:00
2979,76,HaiPhong,0,PENDING,2025-09-08,2025-09-08 12:40:00
200,36,HaiPhong,8851969.0,PENDING,2025-05-13,2025-05-13 17:56:00
2784,108,CanTho,13211416.0,PENDING,2025-04-06,2025-04-06 00:54:00
992,139,CanTho,11106483.0,COMPLETED,2025-10-28,2025-10-30 04:33:00
2950,42,CanTho,14146459.0,COMPLETED,2025-06-13,2025-06-13 02:39:00
1702,170,HaiPhong,15624245.0,PENDING,2025-01-20,2025-01-20 08:28:00
118,43,HaiPhong,12151946.0,COMPLETED,2025-09-16,2025-09-16 21:59:00
333,153,DaNang,14690744.0,CANCELLED,2025-06-08,2025-06-08 09:47:00
1984,169,DaNang,19953718.0,PENDING,2025-01-20,2025-01-22 06:24:00
1390,176,DaNang,11037617.0,COMPLETED,2025-10-20,2025-10-20 16:38:00
1002,165,HaiPhong,1203040.0,COMPLETED,2025-03-15,2025-03-15 02:13:00
627,7,CanTho,754259.0,SHIPPING,2025-09-12,2025-09-12 19:30:00
2607,91,HoChiMinh,3632541.0,COMPLETED,2025-08-10,2025-08-10 06:08:00
2723,54,HoChiMinh,8519305.0,Completed,2025-08-12,2025-08-12 07:53:00
764,74,DaNang,12371004.0,SHIPPING,2025-04-21,2025-04-21 16:37:00
267,181,HaiPhong,10527108.0,CANCELLED,2025-09-11,2025-09-11 20:30:00
1004,112,HaiPhong,8439321.0,PENDING,2025-09-25,2025-09-25 11:40:00
1417,173,NgheAn,13904884.0,COMPLETED,2025-02-19,2025-02-21 16:43:00
1507,37,HaNoi,,PENDING,2025-01-15,2025-01-15 07:51:00
626,165,DaNang,14055427.0,PENDING,2025-05-01,2025-05-01 15:43:00
1250,36,HaNoi,12805339.0,SHIPPING,2025-03-01,2025-03-01 18:17:00
240,144,CanTho,18058073.0,PENDING,2025-01-19,2025-01-19 05:41:00
798,128,NgheAn,6881108.0,SHIPPING,2025-10-26,2025-10-26 19:55:00
2282,36,NgheAn,15287119.0,SHIPPING,2025-03-19,2025-03-19 22:40:00
1176,27,CanTho,3728793.0,COMPLETED,2025-03-04,2025-03-04 20:47:00
987,124,HaNoi,12469553.0,PENDING,2025-05-20,2025-05-20 07:31:00
1990,68,HaiPhong,2484417.0,PENDING,2025-07-26,2025-07-26 16:49:00
1654,159,NgheAn,4294189.0,SHIPPING,2025-03-31,2025-03-31 21:22:00
202,152,CanTho,17780315.0,COMPLETED,2025-07-09,2025-07-09 00:34:00
2715,180,HaNoi,1247530.0,CANCELLED,2025-04-30,2025-04-30 21:05:00
1067,164,NgheAn,13875712.0,SHIPPING,2025-10-03,2025-10-03 17:36:00
2442,66,DaNang,8587886.0,PENDING,2025-07-11,2025-07-11 10:19:00
868,25,HaNoi,2754804.0,SHIPPING,2025-10-10,2025-10-10 02:05:00
578,41,HaNoi,7473654.0,SHIPPING,2025-05-16,2025-05-16 02:12:00
1473,136,HaNoi,12252208.0,PENDING,2025-10-01,2025-10-01 03:20:00
1089,41,HaiPhong,11197405.0,COMPLETED,2025-07-19,2025-07-19 10:37:00
2572,169,NgheAn,10268288.0,SHIPPING,2025-07-15,2025-07-15 06:28:00
739,122,NgheAn,12588594.0,CANCELLED,2025-05-18,2025-05-18 21:41:00
1828,1,HoChiMinh,1796226.0,CANCELLED,2025-13-40,2025-06-12 07:46:00
28,62,NgheAn,1530932.0,Pending,2025-01-29,2025-01-29 10:25:00
1487,70,HoChiMinh,4203068.0,PENDING,2025-04-26,2025-04-26 02:50:00
1687,101,CanTho,5898046.0,PENDING,2025-08-17,2025-08-17 04:22:00
1560,67,CanTho,63284.0,COMPLETED,2025-08-29,2025-08-29 21:30:00
1993,179,HaiPhong,512784.0,SHIPPING,2025-01-20,2025-01-20 23:53:00
403,51,NgheAn,8766089.0,COMPLETED,2025-04-27,2025-04-27 02:32:00
896,136,NgheAn,6303027.0,CANCELLED,2025-01-09,2025-01-09 04:18:00
1851,88,NgheAn,15040258.0,CANCELLED,2025-01-17,2025-01-17 04:14:00
882,536,HoChiMinh,3708532.0,PENDING,2025-08-06,2025-08-06 10:14:00
771,52,CanTho,7977644.0,CANCELLED,,2025-06-09 13:51:00
1285,106,CanTho,8641611.0,COMPLETED,2025-06-13,2025-06-13 18:47:00
1106,80,DaNang,18287584.0,COMPLETED,2025-06-22,2025-06-22 07:24:00
2648,169,CanTho,18236849.0,COMPLETED,2025-09-21,2025-09-21 23:30:00
380,24,NgheAn,16294698.0,SHIPPING,2025-10-25,2025-10-25 00:21:00
1799,54,CanTho,11998131.0,CANCELLED,2025-02-02,2025-02-02 18:28:00
456,78,DaNang,19165884.0,COMPLETED,2025-04-25,2025-04-25 05:16:00
195,154,HaiPhong,2560491.0,CANCELLED,2025-09-16,2025-09-16 08:11:00
36,12,HoChiMinh,11436677.0,SHIPPING,2025-04-30,2025-04-30 11:09:00
1156,75,HaiPhong,6212482.0,PENDING,2025-10-16,2025-10-16 07:24:00
1896,74,CanTho,818711.0,SHIPPING,2025-08-23,2025-08-23 02:03:00
2017,35,HoChiMinh,12002073.0,PENDING,2025-03-19,2025-03-19 09:35:00
1615,20,HoChiMinh,11619945.0,SHIPPING,2025-02-26,2025-02-26 18:16:00
806,114,HoChiMinh,717369.0,SHIPPING,2025-02-24,2025-02-24 18:02:00
1543,58,NgheAn,18107733.0,COMPLETED,2025-07-11,2025-07-11 23:17:00
18,51,HaNoi,14419545.0,COMPLETED,2025-02-06,2025-02-06 00:11:00
2729,71,HoChiMinh,440303.0,CANCELLED,2025-01-12,2025-01-12 22:17:00
1148,2,CanTho,17421065.0,CANCELLED,2025-10-27,2025-10-27 08:23:00
2768,22,CanTho,14970359.0,COMPLETED,2025-02-03,2025-02-03 08:48:00
2984,38,HaNoi,10004199.0,COMPLETED,2025-09-17,2025-09-17 06:01:00
620,92,CanTho,8889674.0,PENDING,2025-10-03,2025-10-03 15:20:00
409,114,HaiPhong,349321.0,CANCELLED,2025-01-10,2025-01-10 15:42:00
535,89,CanTho,3382755.0,CANCELLED,2025-01-13,2025-01-13 23:40:00
1104,170,HoChiMinh,17579794.0,COMPLETED,2025-04-24,2025-04-24 13:13:00
164,111,CanTho,-23419,CANCELLED,2025-05-07,2025-05-07 00:00:00
595,71,HaiPhong,17405420.0,CANCELLED,2025-03-16,2025-03-16 23:19:00
857,146,CanTho,14353940.0,SHIPPING,2025-07-05,2025-07-05 02:03:00
670,419,DaNang,2931880.0,COMPLETED,2025-09-13,2025-09-13 03:11:00
2314,125,HaiPhong,13292055.0,COMPLETED,2025-13-40,2025-02-22 15:32:00
2305,9,DaNang,15408988.0,CANCELLED,2025-10-22,2025-10-22 02:41:00
1864,64,HoChiMinh,18689988.0,CANCELLED,2025-09-24,2025-09-24 20:54:00
1739,152,NgheAn,11413898.0,CANCELLED,2025-05-27,2025-05-27 17:14:00
2182,97,HaNoi,18656091.0,PENDING,2025-07-29,2025-07-29 10:25:00
2419,137,DaNang,1973536.0,CANCELLED,2025-01-14,2025-01-14 02:32:00
1662,64,DaNang,14612049.0,SHIPPING,2025-09-20,2025-09-20 11:08:00
2536,192,DaNang,14311443.0,COMPLETED,2025-07-21,2025-07-22 02:43:00
297,164,HaiPhong,17408770.0,CANCELLED,2025-07-23,2025-07-23 15:30:00
2782,193,HaNoi,6369223.0,PENDING,2025-09-28,2025-09-28 00:17:00
2765,159,HoChiMinh,6099261.0,Cancelled,2025-04-12,2025-04-12 22:03:00
275,30,HoChiMinh,16444647.0,SHIPPING,2025-07-11,2025-07-11 07:10:00
2695,23,HaiPhong,5991668.0,SHIPPING,2025-03-12,2025-03-12 01:51:00
2308,113,CanTho,11782069.0,CANCELLED,2025-03-09,2025-03-09 00:02:00
553,107,DaNang,17659376.0,SHIPPING,2025-01-15,2025-01-15 23:44:00
444,189,HaiPhong,16815951.0,PENDING,2025-08-20,2025-08-20 17:27:00
2379,10,HoChiMinh,6434290.0,Cancelled,2025-03-19,2025-03-19 08:16:00
2976,182,HoChiMinh,19644013.0,CANCELLED,2025-03-02,2025-03-02 09:26:00
1829,25,DaNang,12421715.0,COMPLETED,2025-06-15,2025-06-15 10:57:00
1946,76,HaiPhong,7972361.0,CANCELLED,2025-08-14,2025-08-14 12:52:00
2773,110,NgheAn,4376965.0,CANCELLED,2025-13-40,2025-10-14 06:58:00
2366,69,NgheAn,7863426.0,COMPLETED,2025-08-07,2025-08-07 04:49:00
2894,121,HoChiMinh,18928074.0,PENDING,2025-03-27,2025-03-27 13:59:00
1253,26,DaNang,,CANCELLED,2025-09-08,2025-09-08 02:58:00
2334,177,HoChiMinh,3730331.0,Completed,2025-01-29,2025-01-29 02:30:00
1299,106,HaNoi,11015174.0,Shipping,2025-04-08,2025-04-08 12:37:00
1222,62,DaNang,6047391.0,COMPLETED,2025-10-03,2025-10-03 15:41:00
2003,86,CanTho,5362424.0,PENDING,2025-08-08,2025-08-08 14:48:00
2555,127,HaNoi,19539136.0,COMPLETED,2025-05-31,2025-05-31 01:46:00
232,90,DaNang,7501885.0,SHIPPING,2025-10-26,2025-10-26 13:18:00
2200,166,DaNang,1843208.0,PENDING,2025-10-14,2025-10-14 10:08:00
1449,123,HoChiMinh,13258805.0,PENDING,2025-10-23,2025-10-23 17:28:00
723,88,CanTho,6125624.0,completed,2025-09-10,2025-09-10 14:01:00
286,55,NgheAn,6099929.0,COMPLETED,2025-04-13,2025-04-13 19:26:00
2351,80,DaNang,15253206.0,SHIPPING,2025-07-04,2025-07-04 12:53:00
2007,64,NgheAn,2959459.0,COMPLETED,2025-08-27,2025-08-27 21:39:00
2647,194,HaiPhong,12216450.0,COMPLETED,2025-07-24,2025-07-24 00:11:00
2116,123,HaNoi,8779549.0,COMPLETED,2025-03-06,2025-03-06 20:03:00
1466,167,HaNoi,15877625.0,PENDING,2025-03-03,2025-03-03 23:38:00
2404,11,HaiPhong,1371425.0,SHIPPING,2025-08-09,2025-08-09 03:05:00
2300,23,CanTho,2511979.0,PENDING,2025-05-13,2025-05-13 05:10:00
1899,81,HaiPhong,393377.0,COMPLETED,2025-03-04,2025-03-04 06:53:00
2847,113,HaiPhong,10091866.0,CANCELLED,2025-02-14,2025-02-14 12:33:00
665,165,HoChiMinh,10555842.0,PENDING,2025-05-13,2025-05-13 11:10:00
1053,564,NgheAn,14465039.0,PENDING,2025-03-31,2025-03-31 05:41:00
2870,141,HaiPhong,3758621.0,CANCELLED,2025-02-07,2025-02-07 04:36:00
2973,117,DaNang,8954140.0,COMPLETED,2025-05-05,2025-05-05 16:52:00
1167,28,DaNang,18851529.0,SHIPPING,2025-05-07,2025-05-07 21:04:00
1583,82,HaNoi,15347614.0,PENDING,2025-01-09,2025-01-09 01:28:00
1020,88,HaiPhong,7291718.0,COMPLETED,2025-10-02,2025-10-03 09:31:00
1876,183,HaiPhong,14797806.0,PENDING,2025-10-02,2025-10-02 08:20:00
1062,129,CanTho,8969627.0,SHIPPING,2025-01-04,2025-01-04 03:55:00
1422,23,DaNang,19887792.0,SHIPPING,2025-02-26,2025-02-26 12:17:00
976,1,NgheAn,17193055.0,SHIPPING,2025-10-11,2025-10-13 08:34:00
2383,40,DaNang,11504364.0,CANCELLED,2025-10-26,2025-10-26 18:50:00
1888,27,CanTho,6523470.0,SHIPPING,2025-04-09,2025-04-09 19:52:00
831,44,HoChiMinh,4407846.0,PENDING,2025-05-14,2025-05-14 22:57:00
532,3,HaNoi,7970851.0,COMPLETED,2025-02-02,2025-02-02 03:18:00
2721,187,NgheAn,9589816.0,PENDING,2025-07-11,2025-07-11 05:31:00
2489,104,CanTho,19252780.0,SHIPPING,2025-02-18,2025-02-18 03:50:00
497,17,HaNoi,16471201.0,PENDING,2025-04-08,2025-04-08 18:07:00
984,190,DaNang,4175338.0,COMPLETED,,2025-09-08 20:56:00
1050,165,NgheAn,6932771.0,CANCELLED,2025-05-14,2025-05-14 22:54:00
2711,127,DaNang,3245718.0,COMPLETED,2025-01-16,2025-01-16 15:47:00
2543,83,NgheAn,15846134.0,cancelled,2025-01-25,2025-01-25 02:51:00
2646,150,NgheAn,17337532.0,PENDING,2025-04-19,2025-04-19 23:33:00
625,103,NgheAn,2974258.0,COMPLETED,2025-13-40,2025-05-29 20:45:00
1650,126,NgheAn,8101503.0,COMPLETED,2025-07-02,2025-07-02 12:41:00
2792,116,NgheAn,8343628.0,COMPLETED,2025-06-16,2025-06-16 21:16:00
956,96,NgheAn,-329626,COMPLETED,2025-10-10,2025-10-10 01:04:00
63,178,DaNang,6217741.0,PENDING,2025-04-30,2025-04-30 00:28:00
1372,656,CanTho,18442967.0,COMPLETED,2025-04-24,2025-04-24 09:29:00
951,152,HaiPhong,6686018.0,CANCELLED,2025-04-09,2025-04-09 15:39:00
1751,89,CanTho,7178501.0,CANCELLED,2025-05-31,2025-05-31 00:45:00
1216,181,HoChiMinh,55681.0,SHIPPING,2025-01-21,2025-01-21 06:07:00
2164,89,HaiPhong,4958656.0,COMPLETED,2025-10-08,2025-10-08 01:04:00
914,50,HaiPhong,447574.0,SHIPPING,2025-04-24,2025-04-24 07:22:00
1964,30,HaiPhong,17353816.0,CANCELLED,2025-09-20,2025-09-20 16:28:00
2085,171,DaNang,13234124.0,SHIPPING,2025-02-27,2025-02-27 03:59:00
2417,119,CanTho,12026765.0,COMPLETED,2025-07-13,2025-07-13 13:25:00
2867,170,CanTho,9151872.0,CANCELLED,2025-03-24,2025-03-24 01:03:00
2475,192,HaNoi,11622434.0,COMPLETED,2025-06-21,2025-06-21 02:46:00
1813,165,HaiPhong,5607157.0,PENDING,2025-09-27,2025-09-27 20:37:00
2925,157,CanTho,15708744.0,CANCELLED,2025-09-18,2025-09-18 09:30:00
321,55,NgheAn,6386233.0,CANCELLED,2025-05-17,2025-05-17 03:53:00
1520,172,HaiPhong,4977444.0,COMPLETED,2025-07-15,2025-07-16 19:51:00
2977,83,HoChiMinh,15342211.0,PENDING,2025-09-07,2025-09-07 13:52:00
1134,179,CanTho,13687728.0,CANCELLED,2025-06-06,2025-06-06 04:55:00
2296,95,NgheAn,0,COMPLETED,2025-06-15,2025-06-15 07:58:00
412,149,HaNoi,14330723.0,SHIPPING,,2025-05-02 14:32:00
1084,117,HaNoi,9565105.0,CANCELLED,2025-06-28,2025-06-28 10:11:00
1790,142,NgheAn,11054160.0,SHIPPING,2025-03-26,2025-03-26 05:45:00
1823,149,CanTho,1592917.0,SHIPPING,2025-13-40,2025-04-09 23:47:00
558,1,HaiPhong,6679133.0,PENDING,2025-02-13,2025-02-13 23:34:00
2387,10,DaNang,18838928.0,CANCELLED,2025-03-31,2025-03-31 21:48:00
142,125,NgheAn,13228213.0,SHIPPING,2025-09-21,2025-09-21 00:57:00
1966,79,NgheAn,6321199.0,SHIPPING,2025-08-16,2025-08-16 13:28:00
1008,71,HaiPhong,12842911.0,SHIPPING,2025-04-06,2025-04-06 12:31:00
602,192,HoChiMinh,2854330.0,CANCELLED,2025-02-04,2025-02-04 09:17:00
1119,89,NgheAn,10531742.0,PENDING,2025-06-20,2025-06-20 09:40:00
887,15,DaNang,19474078.0,SHIPPING,2025-10-08,2025-10-08 11:51:00
2423,33,DaNang,7763603.0,CANCELLED,2025-05-19,2025-05-19 09:57:00
1292,5,CanTho,11573621.0,SHIPPING,31/02/2025,2025-07-28 04:01:00
1810,36,DaNang,16661243.0,COMPLETED,2025-07-27,2025-07-27 20:06:00
1891,12,HaiPhong,10339767.0,PENDING,2025-03-03,2025-03-03 19:05:00
833,49,HaNoi,3145175.0,SHIPPING,2025-05-20,2025-05-20 02:51:00
1564,52,NgheAn,10111438.0,SHIPPING,2025-08-15,2025-08-15 09:55:00
1427,80,DaNang,19060080.0,CANCELLED,2025-07-26,2025-07-26 01:29:00
1113,151,HaNoi,1705090.0,SHIPPING,2025-03-14,2025-03-14 02:47:00
1117,94,HoChiMinh,17806070.0,COMPLETED,31/02/2025,2025-08-11 23:54:00
2434,74,HoChiMinh,8778139.0,Cancelled,2025-01-30,2025-01-30 07:20:00
1552,110,NgheAn,14427468.0,CANCELLED,2025-01-17,2025-01-17 00:02:00
2774,108,DaNang,10300191.0,COMPLETED,2025-10-10,2025-10-10 19:52:00
2741,110,NgheAn,18237191.0,PENDING,2025-08-21,2025-08-21 08:59:00
1700,61,HaiPhong,14097016.0,CANCELLED,2025-07-05,2025-07-05 21:07:00
883,79,HaNoi,6412591.0,COMPLETED,2025-06-17,2025-06-17 19:11:00
2837,29,CanTho,18090016.0,PENDING,2025-09-21,2025-09-21 07:53:00
2690,108,NgheAn,,CANCELLED,2025-07-23,2025-07-23 22:21:00
1088,200,NgheAn,10109458.0,PENDING,2025-09-13,2025-09-13 18:26:00
1897,137,DaNang,19884436.0,SHIPPING,2025-05-30,2025-05-30 14:06:00
251,128,HoChiMinh,12421706.0,CANCELLED,2025-06-11,2025-06-11 10:07:00
944,2,HaNoi,14311463.0,CANCELLED,2025-07-12,2025-07-12 19:31:00
2052,2,HaNoi,14336504.0,PENDING,2025-03-25,2025-03-25 10:10:00
311,192,HoChiMinh,8515558.0,CANCELLED,2025-05-13,2025-05-13 22:05:00
2021,145,HaiPhong,16118098.0,SHIPPING,2025-01-25,2025-01-25 08:16:00
566,18,CanTho,18819988.0,SHIPPING,2025-06-25,2025-06-25 17:23:00
598,106,HaiPhong,2874448.0,CANCELLED,2025-13-40,2025-07-17 17:15:00
1887,162,HaiPhong,13566830.0,CANCELLED,2025-02-03,2025-02-03 14:47:00
1525,188,HoChiMinh,4968471.0,Completed,2025-05-14,2025-05-14 01:22:00
2610,159,NgheAn,14010169.0,CANCELLED,2025-08-18,2025-08-18 12:44:00
571,103,HaNoi,18254132.0,SHIPPING,2025-03-23,2025-03-23 19:26:00
1411,40,NgheAn,11146408.0,CANCELLED,2025-09-20,2025-09-20 10:44:00
2778,45,CanTho,10350773.0,PENDING,2025-02-17,2025-02-17 10:24:00
560,114,HaiPhong,5321737.0,CANCELLED,2025-02-24,2025-02-24 10:09:00
2291,90,HoChiMinh,17879448.0,CANCELLED,2025-06-18,2025-06-18 02:44:00
2797,27,HaiPhong,10644253.0,CANCELLED,2025-04-29,2025-04-29 21:00:00
2743,19,HaiPhong,1830397.0,CANCELLED,2025-06-17,2025-06-17 22:47:00
1484,36,HaiPhong,18043562.0,COMPLETED,2025-04-03,2025-04-03 08:17:00
1633,192,HaiPhong,18744258.0,PENDING,2025-09-20,2025-09-20 21:20:00
1916,134,HoChiMinh,19081840.0,PENDING,2025-10-11,2025-10-11 13:22:00
2823,94,DaNang,14326598.0,CANCELLED,2025-05-03,2025-05-03 17:58:00
2034,15,HaiPhong,3703370.0,PENDING,2025-01-15,2025-01-15 05:11:00
1331,190,DaNang,16723495.0,SHIPPING,2025-07-15,2025-07-15 14:14:00
2049,38,CanTho,11829645.0,SHIPPING,2025-08-05,2025-08-05 06:26:00
2757,197,CanTho,3487446.0,SHIPPING,2025-13-40,2025-01-12 17:32:00
1335,95,CanTho,18963501.0,SHIPPING,2025-06-14,2025-06-14 07:57:00
638,88,HaNoi,2619946.0,CANCELLED,2025-06-01,2025-06-01 00:33:00
678,28,HaNoi,5603176.0,CANCELLED,2025-01-20,2025-01-20 08:20:00
147,108,HaNoi,6692233.0,SHIPPING,2025-08-19,2025-08-19 22:40:00
1783,51,HoChiMinh,5356957.0,SHIPPING,2025-02-22,2025-02-22 07:04:00
68,52,HoChiMinh,8970019.0,COMPLETED,2025-04-03,2025-04-03 09:32:00
1535,134,NgheAn,11540054.0,PENDING,2025-01-01,2025-01-01 23:40:00
1539,18,HoChiMinh,,CANCELLED,2025-09-17,2025-09-17 16:49:00
1164,134,NgheAn,19222467.0,CANCELLED,2025-05-07,2025-05-07 00:38:00
1923,169,DaNang,4766630.0,PENDING,2025-06-12,2025-06-12 23:54:00
170,131,HaNoi,13198479.0,SHIPPING,2025-03-14,2025-03-14 19:13:00
2822,139,HoChiMinh,6576191.0,COMPLETED,2025-13-40,2025-09-30 05:03:00
900,10,HoChiMinh,2238482.0,PENDING,2025-06-06,2025-06-06 04:19:00
1704,11,CanTho,11376393.0,CANCELLED,2025-02-28,2025-02-28 09:13:00
1408,63,HoChiMinh,7873966.0,SHIPPING,2025-09-01,2025-09-01 05:43:00
1997,146,HaiPhong,13974873.0,SHIPPING,2025-02-25,2025-02-25 08:33:00
601,70,HoChiMinh,16431895.0,CANCELLED,2025-06-01,2025-06-01 07:31:00
2559,99,DaNang,75057.0,CANCELLED,2025-03-24,2025-03-24 18:23:00
1526,12,HaiPhong,3206653.0,Pending,2025-06-11,2025-06-11 09:36:00
2394,173,NgheAn,-183779,CANCELLED,2025-02-18,2025-02-18 16:33:00
1279,98,HaiPhong,9501325.0,SHIPPING,2025-05-21,2025-05-21 04:08:00
1302,129,HaiPhong,4059036.0,Cancelled,2025-02-17,2025-02-17 01:24:00
2279,30,HoChiMinh,-325665,PENDING,2025-03-28,2025-03-28 05:33:00
1953,339,CanTho,2507334.0,PENDING,2025-05-01,2025-05-01 18:06:00
1232,9,CanTho,8364047.0,PENDING,2025-04-06,2025-04-06 19:47:00
1330,48,CanTho,6793886.0,COMPLETED,2025-04-07,2025-04-07 11:54:00
1689,114,HaNoi,11687965.0,SHIPPING,2025-05-12,2025-05-12 22:35:00
894,188,DaNang,-393004,CANCELLED,2025-07-26,2025-07-26 19:02:00
1862,140,HaNoi,515798.0,COMPLETED,2025-10-21,2025-10-21 00:07:00
1980,67,CanTho,1309724.0,Shipping,2025-06-16,2025-06-16 21:00:00
2454,50,HoChiMinh,1476779.0,CANCELLED,2025-03-19,2025-03-19 10:51:00
1538,50,HaiPhong,12783416.0,SHIPPING,2025-10-28,2025-10-28 21:32:00
2015,100,CanTho,-249540,CANCELLED,2025-01-06,2025-01-06 19:28:00
2118,196,HaiPhong,1146544.0,PENDING,2025-08-05,2025-08-05 14:42:00
1746,7,HoChiMinh,16982419.0,SHIPPING,2025-04-28,2025-04-28 16:36:00
220,179,HaiPhong,19385776.0,COMPLETED,2025-03-31,2025-03-31 18:17:00
707,9,CanTho,176921.0,CANCELLED,2025-09-21,2025-09-21 10:12:00
2443,153,CanTho,2159687.0,COMPLETED,2025-05-30,2025-05-30 03:18:00
614,57,HaNoi,9272821.0,SHIPPING,,2025-07-25 02:14:00
1245,136,DaNang,1342405.0,PENDING,2025-10-16,2025-10-16 03:47:00
1005,69,HaNoi,7443645.0,CANCELLED,2025-01-05,2025-01-05 03:42:00
2968,48,CanTho,1650000.0,SHIPPING,2025-05-05,2025-05-05 23:47:00
1211,39,HaiPhong,3806628.0,COMPLETED,2025-07-31,2025-07-31 15:07:00
2794,185,HaNoi,17542409.0,PENDING,2025-10-12,2025-10-12 12:20:00
2095,91,NgheAn,15894774.0,PENDING,2025-04-05,2025-04-05 21:45:00
519,46,HoChiMinh,,COMPLETED,2025-09-24,2025-09-24 23:43:00
2078,197,HaiPhong,16477603.0,PENDING,2025-02-24,2025-02-24 12:13:00
391,63,HoChiMinh,9891677.0,PENDING,2025-06-13,2025-06-13 13:21:00
1254,2,NgheAn,7803824.0,PENDING,2025-01-24,2025-01-24 14:02:00
270,124,HaiPhong,13005478.0,SHIPPING,2025-01-28,2025-01-28 21:29:00
979,191,HaNoi,11501218.0,CANCELLED,2025-05-14,2025-05-14 02:24:00
1963,27,HoChiMinh,,COMPLETED,2025-08-01,2025-08-01 11:25:00
1498,185,CanTho,7526035.0,PENDING,2025-08-28,2025-08-28 02:27:00
2734,137,CanTho,5418279.0,CANCELLED,2025-10-21,2025-10-21 17:29:00
1798,27,HaNoi,1491764.0,SHIPPING,2025-03-25,2025-03-25 05:54:00
1576,64,HoChiMinh,,SHIPPING,2025-10-25,2025-10-25 05:08:00
165,151,NgheAn,8141167.0,COMPLETED,2025-10-04,2025-10-04 17:06:00
1048,112,DaNang,12962184.0,COMPLETED,2025-08-07,2025-08-07 02:00:00
819,42,HaNoi,11137029.0,CANCELLED,31/02/2025,2025-06-21 12:49:00
254,163,HaiPhong,7892879.0,PENDING,2025-08-10,2025-08-10 14:02:00
1649,180,DaNang,8479817.0,CANCELLED,,2025-09-30 20:34:00
673,164,HoChiMinh,7268922.0,COMPLETED,,2025-09-23 16:17:00
1956,90,DaNang,3857342.0,SHIPPING,2025-06-08,2025-06-08 15:54:00
2040,3,HoChiMinh,252132.0,COMPLETED,2025-09-12,2025-09-12 09:24:00
2967,171,CanTho,3295911.0,SHIPPING,2025-01-26,2025-01-26 14:44:00
784,7,DaNang,2661985.0,SHIPPING,2025-04-20,2025-04-20 14:17:00
1822,94,HaiPhong,3494629.0,Pending,2025-07-14,2025-07-14 04:49:00
1994,46,HaNoi,4985849.0,SHIPPING,2025-05-09,2025-05-09 20:14:00
1920,135,NgheAn,15574431.0,SHIPPING,2025-07-06,2025-07-06 04:53:00
2891,47,HaNoi,6525719.0,CANCELLED,2025-05-08,2025-05-08 09:05:00
2554,104,HoChiMinh,6755354.0,PENDING,2025-03-02,2025-03-02 10:54:00
684,52,CanTho,3665993.0,PENDING,2025-07-08,2025-07-08 20:00:00
2995,197,DaNang,1455252.0,SHIPPING,2025-02-11,2025-02-11 07:37:00
2563,99,NgheAn,4446210.0,COMPLETED,2025-09-20,2025-09-20 09:09:00
557,137,DaNang,17803372.0,completed,2025-03-09,2025-03-09 07:34:00
160,85,HoChiMinh,5120067.0,CANCELLED,2025-08-23,2025-08-23 23:14:00
1812,185,HaiPhong,4247357.0,COMPLETED,2025-07-18,2025-07-18 18:03:00
1481,33,DaNang,2074519.0,COMPLETED,2025-09-16,2025-09-16 03:46:00
149,149,CanTho,10560886.0,SHIPPING,2025-08-17,2025-08-17 22:26:00
1042,169,HaNoi,5811512.0,CANCELLED,2025-04-13,2025-04-13 22:24:00
2447,48,DaNang,4677684.0,COMPLETED,2025-06-28,2025-06-28 12:00:00
1324,12,HoChiMinh,17825579.0,COMPLETED,2025-03-06,2025-03-06 05:21:00
904,54,CanTho,18168114.0,COMPLETED,2025-06-29,2025-06-29 23:11:00
2869,197,HoChiMinh,6466457.0,COMPLETED,2025-04-07,2025-04-07 10:12:00
1383,164,CanTho,9919972.0,SHIPPING,2025-05-01,2025-05-01 11:46:00
1477,26,HaiPhong,9306634.0,PENDING,2025-01-02,2025-01-02 14:37:00
934,160,HaNoi,13651323.0,COMPLETED,2025-06-05,2025-06-05 09:50:00
2435,35,HaNoi,17460614.0,COMPLETED,2025-04-11,2025-04-11 00:55:00
197,59,HaNoi,6141284.0,SHIPPING,2025-06-22,2025-06-22 14:32:00
1723,541,HoChiMinh,332071.0,SHIPPING,2025-07-07,2025-07-07 11:15:00
1304,58,DaNang,5964558.0,PENDING,2025-08-27,2025-08-27 01:33:00
1126,190,HaiPhong,17911322.0,CANCELLED,2025-01-20,2025-01-20 07:45:00
1399,27,HaiPhong,12437548.0,COMPLETED,2025-01-12,2025-01-12 03:10:00
1686,196,NgheAn,1789953.0,SHIPPING,31/02/2025,2025-07-28 00:29:00
40,175,DaNang,374467.0,CANCELLED,2025-04-10,2025-04-10 18:42:00
2019,199,NgheAn,13442464.0,CANCELLED,2025-04-12,2025-04-12 17:01:00
2448,124,DaNang,3517157.0,CANCELLED,2025-06-02,2025-06-02 12:39:00
1268,6,NgheAn,3287767.0,SHIPPING,2025-07-28,2025-07-28 05:08:00
1672,59,CanTho,471301.0,SHIPPING,2025-01-14,2025-01-14 02:55:00
1793,77,HoChiMinh,13282981.0,Cancelled,2025-10-02,2025-10-02 05:17:00
73,129,CanTho,11355937.0,CANCELLED,2025-04-05,2025-04-05 20:09:00
234,144,NgheAn,5165468.0,CANCELLED,2025-08-11,2025-08-11 10:37:00
1734,173,CanTho,2455964.0,COMPLETED,2025-09-27,2025-09-27 00:11:00
2661,15,HaiPhong,11429910.0,PENDING,31/02/2025,2025-03-02 01:28:00
256,132,NgheAn,10094267.0,PENDING,2025-05-05,2025-05-05 01:31:00
974,2,CanTho,8149454.0,CANCELLED,2025-01-02,2025-01-02 22:07:00
876,58,HaiPhong,19205562.0,COMPLETED,2025-08-06,2025-08-06 22:46:00
88,49,DaNang,7425510.0,SHIPPING,2025-08-15,2025-08-15 20:36:00
536,126,DaNang,18091478.0,PENDING,2025-03-23,2025-03-23 14:28:00
1139,519,DaNang,2108622.0,CANCELLED,2025-06-21,2025-06-21 16:18:00
2465,113,HaNoi,3258359.0,SHIPPING,2025-10-26,2025-10-26 08:54:00
6,112,DaNang,3423077.0,COMPLETED,2025-07-01,2025-07-01 21:23:00
470,45,HaiPhong,18801327.0,COMPLETED,2025-01-14,2025-01-14 11:16:00
2637,196,HaNoi,9518797.0,COMPLETED,2025-09-03,2025-09-03 05:42:00
2781,56,HaiPhong,11524991.0,SHIPPING,2025-05-14,2025-05-14 00:21:00
1272,75,HaNoi,917615.0,SHIPPING,2025-01-08,2025-01-08 12:58:00
2893,59,HaiPhong,17232264.0,PENDING,2025-03-24,2025-03-24 23:29:00
2195,69,NgheAn,15606806.0,COMPLETED,2025-13-40,2025-10-24 18:45:00
494,91,NgheAn,7119785.0,CANCELLED,2025-07-30,2025-07-30 13:02:00
496,678,CanTho,2121848.0,CANCELLED,2025-02-02,2025-02-02 18:40:00
1342,94,HaNoi,12297439.0,COMPLETED,2025-03-26,2025-03-27 05:31:00
514,114,HaiPhong,5615288.0,CANCELLED,2025-04-12,2025-04-12 18:30:00
2011,69,HaiPhong,5844796.0,CANCELLED,2025-04-27,2025-04-27 06:32:00
687,21,HoChiMinh,13423582.0,Completed,2025-08-10,2025-08-10 13:34:00
2905,36,HaiPhong,17549943.0,CANCELLED,2025-02-12,2025-02-12 18:29:00
1593,88,HoChiMinh,1236422.0,PENDING,2025-03-11,2025-03-11 13:50:00
318,167,CanTho,2352234.0,SHIPPING,2025-04-23,2025-04-23 15:45:00
420,162,HaiPhong,9647040.0,PENDING,2025-09-09,2025-09-09 19:24:00
108,184,HoChiMinh,4267486.0,COMPLETED,2025-09-20,2025-09-20 06:22:00
605,41,HoChiMinh,14456833.0,COMPLETED,2025-02-16,2025-02-16 11:12:00
511,117,HoChiMinh,3156956.0,COMPLETED,2025-02-10,2025-02-12 22:43:00
1148,2,CanTho,221406.0,PENDING,2025-10-27,2025-10-28 12:23:00
479,587,HaiPhong,752287.0,CANCELLED,2025-10-17,2025-10-17 14:19:00
1243,36,HoChiMinh,14485750.0,COMPLETED,2025-06-23,2025-06-23 11:35:00
2681,160,HoChiMinh,9187949.0,SHIPPING,2025-05-15,2025-05-15 09:38:00
537,118,NgheAn,17638670.0,SHIPPING,2025-02-11,2025-02-11 10:43:00
2284,34,HaNoi,15192723.0,PENDING,2025-08-09,2025-08-09 23:41:00
1045,34,HaiPhong,16316128.0,CANCELLED,2025-07-23,2025-07-23 06:39:00
1251,156,CanTho,655647.0,PENDING,2025-10-04,2025-10-04 06:50:00
458,195,NgheAn,8125088.0,COMPLETED,2025-03-04,2025-03-04 20:50:00
617,189,DaNang,9345897.0,COMPLETED,2025-02-13,2025-02-13 04:18:00
1474,18,HoChiMinh,7015535.0,SHIPPING,2025-09-25,2025-09-26 21:29:00
478,92,DaNang,9571911.0,COMPLETED,2025-09-27,2025-09-27 00:35:00
1226,77,HoChiMinh,18787725.0,SHIPPING,2025-07-09,2025-07-11 18:30:00
357,185,HaNoi,12484658.0,PENDING,2025-05-04,2025-05-04 06:36:00
288,69,HoChiMinh,14817378.0,Cancelled,2025-05-09,2025-05-09 04:53:00
1551,161,HaiPhong,2759502.0,cancelled,2025-05-06,2025-05-06 22:09:00
1348,499,NgheAn,1595982.0,COMPLETED,2025-05-01,2025-05-01 07:43:00
2849,70,NgheAn,11008520.0,PENDING,2025-05-31,2025-05-31 13:45:00
657,133,HaiPhong,9094705.0,CANCELLED,2025-08-12,2025-08-12 01:24:00
250,130,CanTho,8895291.0,COMPLETED,2025-10-21,2025-10-21 16:23:00
2368,116,DaNang,15635392.0,SHIPPING,2025-10-26,2025-10-26 02:17:00
2876,152,DaNang,19823423.0,SHIPPING,2025-08-27,2025-08-27 06:43:00
1965,11,HaiPhong,8929903.0,PENDING,2025-08-11,2025-08-11 17:00:00
1745,157,HoChiMinh,6992841.0,PENDING,2025-08-28,2025-08-30 04:51:00
1509,11,HoChiMinh,2887065.0,PENDING,2025-04-04,2025-04-04 03:18:00
2309,71,DaNang,6942278.0,SHIPPING,2025-01-03,2025-01-03 07:09:00
1750,71,HoChiMinh,15285245.0,CANCELLED,2025-08-06,2025-08-06 07:51:00
1218,60,HoChiMinh,16867473.0,PENDING,2025-08-14,2025-08-14 19:09:00
1568,128,NgheAn,10997405.0,PENDING,2025-10-14,2025-10-14 02:57:00
776,151,HaiPhong,19402606.0,PENDING,2025-03-22,2025-03-22 09:31:00
1778,56,DaNang,19218360.0,PENDING,,2025-03-04 14:44:00
1234,168,HaiPhong,-375201,CANCELLED,2025-09-27,2025-09-27 16:34:00
330,167,DaNang,2961825.0,CANCELLED,2025-03-24,2025-03-24 05:48:00
1471,54,HaiPhong,17448769.0,CANCELLED,2025-05-08,2025-05-08 15:55:00
2569,356,HaiPhong,7641562.0,COMPLETED,2025-09-02,2025-09-02 14:19:00
101,434,DaNang,12798208.0,SHIPPING,2025-08-12,2025-08-12 02:46:00
1968,14,NgheAn,5423550.0,PENDING,2025-06-20,2025-06-20 16:19:00
2516,15,CanTho,13807980.0,COMPLETED,2025-04-21,2025-04-21 01:18:00
1868,79,NgheAn,19230711.0,SHIPPING,2025-09-27,2025-09-27 11:21:00
2934,115,HaiPhong,17024120.0,COMPLETED,2025-13-40,2025-03-12 22:35:00
935,75,NgheAn,13011274.0,PENDING,2025-06-17,2025-06-17 23:48:00
714,59,DaNang,5674857.0,SHIPPING,2025-10-23,2025-10-23 20:22:00
503,11,CanTho,18716608.0,SHIPPING,2025-10-14,2025-10-14 00:54:00
2670,169,NgheAn,13451488.0,CANCELLED,2025-04-17,2025-04-17 13:32:00
343,22,HaiPhong,15522433.0,PENDING,2025-09-04,2025-09-04 17:36:00
1240,28,HaiPhong,884102.0,SHIPPING,2025-06-12,2025-06-12 04:39:00
356,79,HoChiMinh,4428797.0,PENDING,2025-02-23,2025-02-23 07:12:00
515,8,HaNoi,16532405.0,SHIPPING,2025-01-07,2025-01-07 02:01:00
2405,199,HoChiMinh,9636805.0,PENDING,2025-08-19,2025-08-19 19:00:00
822,150,DaNang,18127114.0,COMPLETED,2025-01-01,2025-01-01 06:29:00
1371,2,DaNang,12619133.0,SHIPPING,2025-04-08,2025-04-08 03:57:00
115,16,HaNoi,3191580.0,SHIPPING,2025-05-16,2025-05-16 23:59:00
1661,21,DaNang,6923349.0,PENDING,2025-04-27,2025-04-27 14:43:00
222,1,CanTho,10880672.0,Cancelled,2025-07-22,2025-07-22 21:46:00
991,51,CanTho,15096761.0,COMPLETED,2025-07-24,2025-07-24 10:21:00
465,148,HoChiMinh,12384214.0,CANCELLED,2025-04-20,2025-04-20 05:35:00
2538,145,NgheAn,12743176.0,PENDING,2025-03-27,2025-03-27 09:17:00
2201,55,HaiPhong,18607887.0,COMPLETED,2025-09-09,2025-09-09 07:26:00
1836,234,HaNoi,12243018.0,SHIPPING,2025-09-27,2025-09-27 20:50:00
2175,107,HoChiMinh,5575312.0,COMPLETED,2025-03-06,2025-03-06 08:27:00
1711,90,DaNang,5446192.0,COMPLETED,2025-09-04,2025-09-04 20:23:00
1283,24,HoChiMinh,7976517.0,PENDING,2025-10-26,2025-10-26 12:00:00
1120,5,HoChiMinh,,PENDING,2025-10-20,2025-10-20 10:00:00
2791,122,NgheAn,396830.0,COMPLETED,2025-09-17,2025-09-17 02:37:00
2303,103,CanTho,14610088.0,CANCELLED,2025-10-25,2025-10-25 05:29:00
711,298,HaNoi,3772083.0,SHIPPING,2025-01-19,2025-01-19 07:26:00
1255,114,HaiPhong,13197599.0,CANCELLED,2025-02-27,2025-02-27 09:40:00
125,166,NgheAn,4327330.0,CANCELLED,2025-05-11,2025-05-11 04:10:00
1983,198,HaNoi,18498910.0,CANCELLED,31/02/2025,2025-06-05 23:32:00
1370,59,HaiPhong,166221.0,COMPLETED,2025-03-15,2025-03-15 12:02:00
2452,106,CanTho,17599391.0,CANCELLED,2025-04-28,2025-04-28 13:29:00
780,51,CanTho,10265105.0,PENDING,2025-03-02,2025-03-02 13:47:00
1938,112,HaNoi,14845667.0,SHIPPING,2025-09-04,2025-09-04 08:36:00
1439,22,HaNoi,5102396.0,SHIPPING,2025-09-28,2025-09-28 16:54:00
14,157,CanTho,2360201.0,SHIPPING,2025-04-13,2025-04-13 06:59:00
2916,198,DaNang,4757586.0,Cancelled,2025-02-01,2025-02-01 21:14:00
1194,5,HoChiMinh,9299461.0,CANCELLED,2025-08-26,2025-08-26 11:24:00
1635,187,NgheAn,7436691.0,COMPLETED,2025-05-16,2025-05-16 05:45:00
2964,113,HaNoi,2128057.0,SHIPPING,2025-03-16,2025-03-16 16:08:00
112,181,DaNang,7772776.0,COMPLETED,2025-01-01,2025-01-01 12:41:00
1315,256,NgheAn,191315.0,PENDING,2025-07-10,2025-07-10 15:11:00
1219,199,HaiPhong,19337433.0,PENDING,2025-13-40,2025-07-04 00:26:00
2004,115,NgheAn,15391216.0,PENDING,2025-09-29,2025-09-29 09:52:00
1759,108,CanTho,,CANCELLED,2025-02-12,2025-02-12 22:39:00
349,76,HaNoi,5760324.0,SHIPPING,2025-06-02,2025-06-02 03:47:00
2955,124,HoChiMinh,9714224.0,COMPLETED,2025-10-03,2025-10-03 17:23:00
699,76,DaNang,10471689.0,COMPLETED,2025-02-06,2025-02-06 03:17:00
2836,136,HaiPhong,,SHIPPING,2025-05-05,2025-05-05 21:31:00
2810,182,HaNoi,18928368.0,COMPLETED,2025-01-31,2025-01-31 02:04:00
1863,459,HaiPhong,16221182.0,CANCELLED,2025-05-11,2025-05-11 03:27:00
2975,23,HaNoi,755492.0,CANCELLED,2025-09-27,2025-09-27 00:26:00
2302,48,HoChiMinh,13512647.0,SHIPPING,2025-07-25,2025-07-25 02:05:00
1162,166,HaiPhong,17466956.0,PENDING,2025-09-03,2025-09-03 10:36:00
2673,199,HaiPhong,10682712.0,COMPLETED,2025-03-04,2025-03-06 15:42:00
110,160,HaiPhong,,COMPLETED,2025-10-01,2025-10-01 18:26:00
2171,148,DaNang,18125855.0,SHIPPING,2025-02-08,2025-02-08 12:19:00
2308,113,CanTho,16416283.0,CANCELLED,2025-03-09,2025-03-10 18:02:00
419,110,DaNang,728530.0,SHIPPING,2025-03-21,2025-03-21 05:43:00
2938,237,HaiPhong,16900319.0,CANCELLED,2025-08-13,2025-08-13 00:55:00
1626,41,NgheAn,6743911.0,PENDING,2025-05-06,2025-05-06 14:12:00
1871,196,HaiPhong,9964818.0,SHIPPING,2025-07-02,2025-07-02 23:32:00
580,49,DaNang,2768650.0,SHIPPING,2025-01-24,2025-01-25 12:02:00
2996,154,NgheAn,-196761,PENDING,2025-10-22,2025-10-22 02:39:00
797,69,HoChiMinh,7880012.0,COMPLETED,2025-01-11,2025-01-11 16:39:00
2770,177,HoChiMinh,18669915.0,SHIPPING,2025-06-17,2025-06-17 00:36:00
663,44,CanTho,2950159.0,SHIPPING,2025-04-19,2025-04-19 18:45:00
591,52,DaNang,11043079.0,PENDING,2025-01-16,2025-01-16 00:10:00
1911,166,CanTho,9952565.0,COMPLETED,2025-08-30,2025-08-30 08:46:00
2153,25,NgheAn,14951213.0,COMPLETED,2025-03-15,2025-03-15 05:56:00
2761,88,NgheAn,19846762.0,SHIPPING,2025-01-22,2025-01-22 08:06:00
500,45,CanTho,2188680.0,PENDING,2025-05-04,2025-05-04 23:11:00
1420,164,HaiPhong,11027465.0,SHIPPING,2025-09-05,2025-09-05 11:09:00
745,44,DaNang,12255960.0,SHIPPING,2025-10-15,2025-10-15 14:29:00
2160,27,HoChiMinh,122446.0,CANCELLED,2025-07-11,2025-07-11 04:24:00
2362,96,HaNoi,6374443.0,PENDING,2025-06-02,2025-06-02 00:07:00
1556,136,HoChiMinh,16871133.0,PENDING,2025-06-02,2025-06-02 06:34:00
572,155,CanTho,15144433.0,COMPLETED,2025-02-25,2025-02-25 15:59:00
741,122,CanTho,7879815.0,SHIPPING,2025-04-03,2025-04-03 03:29:00
1452,32,HaNoi,7630603.0,COMPLETED,2025-05-06,2025-05-06 18:22:00
936,461,HoChiMinh,12675381.0,SHIPPING,2025-09-11,2025-09-11 09:49:00
13,195,HaNoi,9720658.0,CANCELLED,2025-05-12,2025-05-12 15:11:00
1561,174,HoChiMinh,5842270.0,COMPLETED,2025-07-26,2025-07-27 15:14:00
1317,41,DaNang,7918581.0,COMPLETED,2025-05-21,2025-05-21 23:05:00
1258,70,HaiPhong,18376901.0,PENDING,2025-03-20,2025-03-20 21:07:00
2940,55,CanTho,9438792.0,COMPLETED,2025-03-02,2025-03-02 08:15:00
2604,37,HaNoi,13907278.0,COMPLETED,2025-07-04,2025-07-04 04:17:00
2349,108,DaNang,18439254.0,SHIPPING,2025-02-01,2025-02-01 04:41:00
994,81,DaNang,11758685.0,CANCELLED,2025-04-01,2025-04-01 11:34:00
2692,120,DaNang,7978935.0,PENDING,2025-01-09,2025-01-09 22:20:00
2944,506,CanTho,1907199.0,CANCELLED,2025-05-23,2025-05-23 09:52:00
388,30,CanTho,17967923.0,COMPLETED,2025-01-03,2025-01-03 06:28:00
2043,78,HoChiMinh,6374947.0,COMPLETED,2025-09-26,2025-09-26 06:30:00
383,62,DaNang,4443972.0,PENDING,2025-03-21,2025-03-21 10:41:00
1985,126,CanTho,755766.0,PENDING,2025-01-26,2025-01-26 12:44:00
2584,121,HaiPhong,1327460.0,CANCELLED,2025-08-10,2025-08-10 22:22:00
1061,149,DaNang,1823926.0,PENDING,2025-06-03,2025-06-03 06:56:00
453,671,CanTho,3253557.0,SHIPPING,2025-04-05,2025-04-05 06:06:00
1537,2,HaiPhong,0,COMPLETED,2025-04-10,2025-04-10 11:18:00
1394,135,HaiPhong,11674582.0,CANCELLED,2025-03-26,2025-03-26 23:00:00
2302,48,HoChiMinh,8738610.0,COMPLETED,2025-07-25,2025-07-26 11:05:00
176,588,DaNang,14197642.0,COMPLETED,2025-10-24,2025-10-24 13:11:00
367,32,DaNang,10474578.0,PENDING,2025-07-24,2025-07-24 02:55:00
2577,52,DaNang,12429607.0,PENDING,2025-08-06,2025-08-06 05:01:00
729,102,DaNang,2353958.0,CANCELLED,2025-07-09,2025-07-09 02:50:00
643,166,DaNang,7523381.0,COMPLETED,2025-10-26,2025-10-26 14:50:00
1752,191,NgheAn,13497464.0,PENDING,2025-02-02,2025-02-02 07:45:00
2084,73,DaNang,3253578.0,COMPLETED,2025-06-21,2025-06-21 18:52:00
2012,70,HoChiMinh,13123505.0,PENDING,2025-08-09,2025-08-09 20:53:00
1889,78,NgheAn,8324704.0,CANCELLED,2025-02-18,2025-02-18 22:54:00
2952,169,HoChiMinh,7274802.0,PENDING,2025-01-20,2025-01-20 17:55:00
2345,103,NgheAn,18666618.0,SHIPPING,2025-05-28,2025-05-28 01:19:00
340,112,CanTho,15579112.0,COMPLETED,2025-01-11,2025-01-11 18:05:00
1877,86,CanTho,16299833.0,COMPLETED,2025-01-08,2025-01-08 16:49:00
1159,8,NgheAn,13430734.0,PENDING,2025-07-02,2025-07-02 00:33:00
792,158,NgheAn,5400684.0,SHIPPING,2025-05-23,2025-05-23 02:56:00
21,25,HaNoi,9051208.0,COMPLETED,2025-02-25,2025-02-26 12:08:00
1221,58,CanTho,9247968.0,PENDING,2025-05-27,2025-05-27 02:48:00
917,109,HaiPhong,15312681.0,COMPLETED,31/02/2025,2025-04-02 20:00:00
2255,134,HaiPhong,13054415.0,CANCELLED,2025-04-17,2025-04-17 19:48:00
1179,83,NgheAn,15747217.0,COMPLETED,2025-02-05,2025-02-05 22:48:00
736,40,DaNang,1024408.0,PENDING,2025-03-08,2025-03-08 03:36:00
210,144,HaiPhong,1668099.0,COMPLETED,2025-01-04,2025-01-04 11:56:00
1679,134,HaiPhong,657853.0,PENDING,2025-03-23,2025-03-23 04:15:00
2518,197,HaNoi,7230754.0,SHIPPING,2025-04-18,2025-04-18 17:00:00
1658,188,DaNang,15533369.0,Cancelled,2025-05-04,2025-05-04 08:53:00
1802,94,HaiPhong,14250354.0,SHIPPING,2025-07-06,2025-07-06 12:31:00
921,121,NgheAn,675308.0,PENDING,2025-10-16,2025-10-16 07:10:00
324,185,CanTho,19475018.0,COMPLETED,2025-06-06,2025-06-06 05:49:00
802,164,CanTho,4950933.0,COMPLETED,2025-02-01,2025-02-01 14:00:00
1955,160,HaNoi,9596537.0,COMPLETED,2025-04-26,2025-04-26 01:35:00
2691,154,HaNoi,6470996.0,PENDING,2025-10-15,2025-10-15 17:45:00
618,161,HaiPhong,10454382.0,SHIPPING,2025-01-25,2025-01-25 14:12:00
2057,122,HaNoi,15805410.0,SHIPPING,2025-10-10,2025-10-10 11:42:00
2952,169,HoChiMinh,6254449.0,CANCELLED,2025-01-20,2025-01-20 08:55:00
2653,148,HaNoi,13036269.0,CANCELLED,2025-04-23,2025-04-23 04:14:00
1650,126,NgheAn,18619315.0,CANCELLED,2025-07-02,2025-07-03 10:41:00
128,127,CanTho,3007792.0,SHIPPING,2025-05-28,2025-05-28 12:39:00
629,186,CanTho,3084006.0,CANCELLED,2025-07-18,2025-07-18 16:25:00
1252,170,HaiPhong,4608214.0,SHIPPING,2025-07-07,2025-07-07 23:22:00
262,104,HaiPhong,1490171.0,SHIPPING,2025-02-17,2025-02-17 05:40:00
2270,145,NgheAn,15633484.0,Pending,2025-03-28,2025-03-28 17:54:00
4,110,NgheAn,17970042.0,PENDING,2025-07-12,2025-07-12 18:50:00
832,146,HaiPhong,14896407.0,SHIPPING,2025-13-40,2025-03-26 20:47:00
909,1,HaNoi,9944054.0,Pending,2025-06-26,2025-06-26 13:59:00
796,108,CanTho,2493108.0,COMPLETED,2025-03-31,2025-03-31 02:33:00
1940,137,HaiPhong,0,CANCELLED,2025-01-22,2025-01-22 20:11:00
1817,138,DaNang,,PENDING,2025-05-30,2025-05-30 07:40:00
642,188,HaNoi,5230674.0,COMPLETED,2025-04-17,2025-04-17 05:14:00
2748,3,DaNang,9272584.0,COMPLETED,2025-03-23,2025-03-23 08:40:00
386,115,HaiPhong,19667300.0,COMPLETED,2025-01-28,2025-01-28 22:57:00
1467,97,HaNoi,7893470.0,SHIPPING,2025-06-02,2025-06-02 14:44:00
152,163,HaNoi,14172520.0,completed,2025-07-10,2025-07-10 04:25:00
2055,105,NgheAn,13501293.0,PENDING,31/02/2025,2025-06-28 07:16:00
2155,67,HoChiMinh,9845492.0,COMPLETED,2025-09-20,2025-09-20 21:39:00
1845,34,NgheAn,774523.0,SHIPPING,2025-10-17,2025-10-17 05:09:00
2801,5,NgheAn,15327200.0,PENDING,2025-10-27,2025-10-27 04:56:00
2911,75,DaNang,17905866.0,COMPLETED,2025-09-09,2025-09-09 23:59:00
392,21,DaNang,14526492.0,PENDING,2025-05-18,2025-05-18 13:59:00
554,78,HaiPhong,19031492.0,Shipping,2025-08-31,2025-08-31 19:58:00
2231,6,CanTho,9593619.0,PENDING,2025-03-19,2025-03-19 06:57:00
1229,99,CanTho,3088805.0,COMPLETED,,2025-07-12 23:23:00
2971,78,DaNang,16817179.0,SHIPPING,2025-04-19,2025-04-19 13:01:00
2587,61,HaiPhong,18449417.0,CANCELLED,2025-09-01,2025-09-01 18:55:00
155,159,DaNang,13954552.0,SHIPPING,2025-01-15,2025-01-15 02:27:00
1183,35,NgheAn,16747626.0,Completed,2025-09-26,2025-09-26 00:25:00
1214,124,CanTho,17347681.0,PENDING,2025-02-19,2025-02-19 21:25:00
1977,9,CanTho,17210025.0,PENDING,,2025-09-07 11:38:00
2106,165,CanTho,13075431.0,PENDING,2025-09-18,2025-09-18 23:41:00
1326,35,HaNoi,0,SHIPPING,2025-06-03,2025-06-03 03:00:00
2958,158,NgheAn,6164937.0,PENDING,2025-02-08,2025-02-08 00:47:00
1951,199,CanTho,17867833.0,SHIPPING,2025-03-18,2025-03-18 17:44:00
1486,101,HaNoi,12870375.0,COMPLETED,2025-02-12,2025-02-12 10:10:00
359,141,HoChiMinh,7727433.0,CANCELLED,2025-06-02,2025-06-02 14:04:00
2032,64,HaiPhong,11932041.0,PENDING,2025-03-07,2025-03-07 14:33:00
2456,67,NgheAn,14805794.0,SHIPPING,2025-06-01,2025-06-01 20:10:00
175,170,NgheAn,-492150,COMPLETED,2025-04-06,2025-04-06 11:18:00
716,18,HaNoi,8042118.0,CANCELLED,2025-09-22,2025-09-22 13:23:00
551,59,NgheAn,10123243.0,PENDING,2025-05-06,2025-05-06 14:42:00
1976,114,HoChiMinh,192178.0,SHIPPING,2025-02-04,2025-02-04 08:04:00
2012,70,HoChiMinh,18427993.0,COMPLETED,2025-08-09,2025-08-10 00:53:00
1712,189,NgheAn,7231437.0,CANCELLED,2025-04-18,2025-04-20 09:32:00
111,92,HaNoi,6300305.0,PENDING,2025-03-17,2025-03-17 21:05:00
208,48,CanTho,7616072.0,PENDING,2025-03-01,2025-03-01 06:27:00
2717,199,DaNang,7486401.0,PENDING,2025-09-20,2025-09-20 23:44:00
1622,6,HaiPhong,6220785.0,COMPLETED,2025-05-15,2025-05-15 06:42:00
393,192,CanTho,15131941.0,PENDING,2025-03-17,2025-03-17 17:59:00
1350,36,HaNoi,13435801.0,completed,2025-10-28,2025-10-28 06:52:00
390,71,DaNang,7457735.0,COMPLETED,2025-10-25,2025-10-25 15:03:00
1630,88,CanTho,6267668.0,SHIPPING,2025-04-27,2025-04-27 04:54:00
785,138,CanTho,15192011.0,COMPLETED,2025-09-03,2025-09-03 08:54:00
1742,156,DaNang,15648526.0,COMPLETED,2025-06-12,2025-06-12 17:42:00
1706,177,HaNoi,13668939.0,SHIPPING,2025-10-22,2025-10-22 07:32:00
2892,651,DaNang,12091814.0,SHIPPING,2025-02-16,2025-02-16 04:34:00
2736,130,HaNoi,15374248.0,COMPLETED,2025-06-26,2025-06-26 01:01:00
317,50,NgheAn,,COMPLETED,2025-08-19,2025-08-19 13:59:00
2384,16,CanTho,1098048.0,COMPLETED,2025-04-08,2025-04-08 20:21:00
2909,9,CanTho,15780107.0,COMPLETED,2025-03-02,2025-03-02 10:21:00
2644,141,HoChiMinh,,PENDING,2025-01-16,2025-01-16 22:53:00
752,85,HaiPhong,10057523.0,CANCELLED,2025-05-01,2025-05-01 19:28:00
788,18,HoChiMinh,17127228.0,PENDING,2025-02-23,2025-02-23 09:41:00
2418,47,NgheAn,3665736.0,PENDING,2025-02-11,2025-02-11 01:37:00
2809,129,NgheAn,5563587.0,PENDING,2025-01-24,2025-01-24 03:56:00
2439,153,HoChiMinh,3518233.0,COMPLETED,2025-01-18,2025-01-18 14:39:00
963,75,NgheAn,11084298.0,COMPLETED,2025-13-40,2025-09-01 00:19:00
1517,36,HaNoi,5345148.0,PENDING,2025-03-21,2025-03-21 23:58:00
397,48,HaiPhong,10869037.0,COMPLETED,2025-09-24,2025-09-24 02:50:00
447,29,HaiPhong,7460018.0,CANCELLED,2025-02-07,2025-02-07 17:36:00
1959,161,HaNoi,1250316.0,CANCELLED,2025-10-21,2025-10-22 12:16:00
2636,43,CanTho,4533436.0,COMPLETED,2025-07-11,2025-07-11 08:52:00
2853,148,HoChiMinh,2279860.0,COMPLETED,2025-03-01,2025-03-01 22:41:00
2191,94,HaNoi,4765278.0,SHIPPING,2025-07-22,2025-07-22 20:30:00
1303,112,HoChiMinh,9889775.0,Cancelled,2025-06-15,2025-06-15 09:20:00
1478,108,HaiPhong,13449462.0,PENDING,2025-10-16,2025-10-16 12:46:00
1570,112,HaNoi,10068690.0,Completed,2025-07-15,2025-07-15 00:56:00
1347,14,HaNoi,10490585.0,COMPLETED,2025-08-31,2025-08-31 15:25:00
2311,23,HaiPhong,12959866.0,COMPLETED,2025-06-12,2025-06-12 09:39:00
633,166,DaNang,13166940.0,SHIPPING,2025-07-11,2025-07-11 11:57:00
669,94,HaiPhong,19565112.0,COMPLETED,2025-03-07,2025-03-07 13:53:00
767,173,CanTho,10716649.0,Shipping,2025-03-10,2025-03-10 17:52:00
2598,198,HoChiMinh,-163283,SHIPPING,2025-02-28,2025-02-28 08:05:00
352,179,DaNang,18547844.0,PENDING,2025-05-02,2025-05-02 04:37:00
1489,62,HaNoi,7673622.0,SHIPPING,2025-01-17,2025-01-17 06:49:00
213,76,CanTho,18243424.0,SHIPPING,2025-02-25,2025-02-25 15:54:00
2704,85,HaiPhong,10804127.0,COMPLETED,2025-01-25,2025-01-25 15:07:00
179,107,HaNoi,19285829.0,PENDING,2025-09-12,2025-09-12 21:15:00
2568,195,HoChiMinh,-161616,PENDING,2025-07-25,2025-07-25 09:47:00
1059,155,NgheAn,1173174.0,PENDING,2025-07-16,2025-07-16 16:58:00
950,193,HoChiMinh,10733932.0,CANCELLED,2025-07-19,2025-07-19 14:14:00
1323,97,DaNang,,COMPLETED,2025-03-13,2025-03-13 13:47:00
1128,129,DaNang,15832740.0,SHIPPING,2025-09-09,2025-09-09 05:04:00
1310,80,DaNang,12172750.0,PENDING,2025-06-07,2025-06-07 20:04:00
1228,182,HoChiMinh,19536862.0,SHIPPING,2025-05-23,2025-05-23 04:02:00
1607,63,HoChiMinh,16602614.0,SHIPPING,2025-06-13,2025-06-13 21:45:00
758,87,HaiPhong,8702107.0,Shipping,2025-06-26,2025-06-26 23:22:00
709,1,HaNoi,8091355.0,CANCELLED,2025-08-29,2025-08-29 16:55:00
1127,65,DaNang,16913114.0,COMPLETED,2025-01-26,2025-01-26 20:11:00
814,13,HaNoi,4202716.0,COMPLETED,2025-02-16,2025-02-16 05:07:00
2789,187,NgheAn,6350451.0,COMPLETED,2025-02-19,2025-02-19 17:59:00
1729,7,NgheAn,4914487.0,CANCELLED,2025-05-23,2025-05-23 17:23:00
482,5,DaNang,4622403.0,PENDING,2025-13-40,2025-05-19 10:12:00
304,44,HaiPhong,19432366.0,PENDING,2025-03-12,2025-03-12 01:06:00
2223,44,DaNang,11220063.0,CANCELLED,2025-10-24,2025-10-24 23:56:00
259,53,HoChiMinh,14627546.0,CANCELLED,2025-06-04,2025-06-04 10:41:00
2764,22,HaNoi,1621469.0,COMPLETED,2025-05-11,2025-05-11 20:37:00
337,65,CanTho,3652399.0,PENDING,2025-03-19,2025-03-19 16:15:00
662,104,HaNoi,1844512.0,SHIPPING,2025-10-09,2025-10-09 02:04:00
2613,561,DaNang,16514622.0,COMPLETED,2025-03-25,2025-03-25 06:06:00
37,118,HaNoi,2135681.0,PENDING,2025-04-07,2025-04-09 17:52:00
2895,5,NgheAn,14159048.0,COMPLETED,2025-02-03,2025-02-03 23:16:00
2586,118,CanTho,1172295.0,CANCELLED,2025-06-27,2025-06-27 16:24:00
2210,169,NgheAn,1940665.0,CANCELLED,2025-01-12,2025-01-12 05:43:00
2677,122,HaNoi,15640062.0,COMPLETED,2025-01-05,2025-01-05 03:40:00
2740,22,CanTho,18630236.0,COMPLETED,2025-04-24,2025-04-24 11:05:00
1671,477,HoChiMinh,16254198.0,CANCELLED,2025-01-24,2025-01-24 08:41:00
2061,142,HaiPhong,8284658.0,SHIPPING,2025-04-29,2025-04-29 12:53:00
426,20,NgheAn,6710314.0,CANCELLED,2025-08-22,2025-08-22 17:18:00
1915,129,NgheAn,0,PENDING,2025-09-07,2025-09-07 14:36:00
1566,110,HaiPhong,19705517.0,SHIPPING,2025-08-29,2025-08-29 16:03:00
2713,198,HoChiMinh,7432629.0,COMPLETED,2025-07-05,2025-07-05 21:47:00
2059,77,HaiPhong,1424847.0,Pending,2025-02-26,2025-02-26 14:17:00
2219,17,HoChiMinh,19139972.0,SHIPPING,2025-10-08,2025-10-08 01:56:00
1528,185,HoChiMinh,12718512.0,Cancelled,2025-04-12,2025-04-12 01:36:00
1749,136,NgheAn,7867282.0,COMPLETED,,2025-10-07 03:16:00
2918,27,HoChiMinh,14555879.0,SHIPPING,2025-04-05,2025-04-05 18:53:00
371,132,CanTho,11434529.0,SHIPPING,2025-03-06,2025-03-06 21:51:00
154,162,DaNang,19070370.0,CANCELLED,2025-09-25,2025-09-25 04:33:00
1391,81,NgheAn,12912258.0,COMPLETED,2025-08-21,2025-08-21 07:20:00
703,155,DaNang,16401980.0,CANCELLED,2025-06-07,2025-06-07 04:09:00
2330,166,CanTho,6923479.0,COMPLETED,2025-03-16,2025-03-16 22:31:00
2190,153,CanTho,12550523.0,CANCELLED,2025-02-04,2025-02-04 20:08:00
166,148,HaiPhong,12127325.0,CANCELLED,2025-06-09,2025-06-09 05:35:00
2800,181,NgheAn,7139940.0,COMPLETED,2025-06-20,2025-06-20 11:30:00
2701,56,NgheAn,2046655.0,SHIPPING,2025-04-15,2025-04-15 17:00:00
1504,124,DaNang,814482.0,COMPLETED,2025-08-28,2025-08-28 16:35:00
2082,187,HaNoi,237866.0,pending,2025-04-28,2025-04-28 06:35:00
1266,64,HaNoi,8787264.0,CANCELLED,2025-08-18,2025-08-18 14:23:00
1192,438,HoChiMinh,15945019.0,PENDING,2025-01-15,2025-01-15 16:12:00
2642,164,NgheAn,14156196.0,PENDING,2025-04-30,2025-04-30 21:57:00
236,173,HoChiMinh,8252692.0,COMPLETED,2025-02-27,2025-02-27 23:01:00
1595,129,HoChiMinh,13104085.0,SHIPPING,2025-10-21,2025-10-21 19:36:00
2507,6,NgheAn,0,COMPLETED,2025-01-08,2025-01-08 12:33:00
1330,48,CanTho,17897409.0,CANCELLED,2025-04-07,2025-04-08 20:54:00
2888,181,HaNoi,-37783,COMPLETED,2025-10-02,2025-10-02 05:29:00
1077,39,NgheAn,13676498.0,SHIPPING,2025-05-02,2025-05-02 08:35:00
2694,132,CanTho,17313899.0,SHIPPING,2025-04-28,2025-04-28 12:34:00
2042,102,CanTho,655569.0,PENDING,2025-05-07,2025-05-07 13:55:00
1385,55,HaiPhong,12773331.0,SHIPPING,2025-04-29,2025-04-29 03:13:00
159,5,HoChiMinh,1208399.0,PENDING,2025-02-03,2025-02-03 08:03:00
418,190,NgheAn,13703996.0,CANCELLED,2025-06-30,2025-06-30 02:12:00
3000,113,HoChiMinh,11886141.0,SHIPPING,2025-04-03,2025-04-03 19:47:00
1616,194,CanTho,11624680.0,SHIPPING,2025-10-04,2025-10-04 15:50:00
701,96,DaNang,19693856.0,CANCELLED,2025-07-16,2025-07-16 03:15:00
2588,59,NgheAn,2019907.0,PENDING,2025-02-11,2025-02-11 03:47:00
2497,45,HaiPhong,19310684.0,CANCELLED,2025-03-16,2025-03-16 01:32:00
2221,15,HaNoi,5403666.0,COMPLETED,2025-05-31,2025-05-31 16:55:00
933,80,HoChiMinh,2903791.0,PENDING,2025-04-15,2025-04-15 23:59:00
2016,48,HoChiMinh,5887329.0,COMPLETED,2025-07-22,2025-07-22 07:41:00
906,197,HaiPhong,4280823.0,PENDING,2025-03-01,2025-03-01 06:07:00
1599,97,CanTho,19086303.0,SHIPPING,2025-01-22,2025-01-22 22:03:00
130,1,NgheAn,15262287.0,SHIPPING,2025-05-30,2025-05-30 12:27:00
225,44,HaNoi,13041431.0,SHIPPING,2025-08-08,2025-08-08 02:02:00
177,20,HaNoi,17009163.0,CANCELLED,2025-03-12,2025-03-12 03:25:00
266,133,HaNoi,18360215.0,CANCELLED,2025-03-01,2025-03-01 08:56:00
1733,194,HaNoi,0,SHIPPING,2025-10-28,2025-10-28 17:52:00
1247,53,DaNang,10219647.0,CANCELLED,2025-04-20,2025-04-20 11:06:00
648,171,DaNang,451551.0,COMPLETED,2025-04-08,2025-04-08 23:18:00
2076,82,DaNang,2401936.0,COMPLETED,2025-01-22,2025-01-22 02:39:00
2112,7,NgheAn,1504883.0,COMPLETED,2025-08-26,2025-08-26 07:54:00
998,72,NgheAn,16625263.0,COMPLETED,2025-07-07,2025-07-07 07:38:00
2411,322,HaNoi,3203447.0,CANCELLED,2025-08-18,2025-08-18 00:59:00
2832,27,DaNang,17160303.0,SHIPPING,2025-02-23,2025-02-23 14:38:00
2147,99,DaNang,4181133.0,PENDING,2025-13-40,2025-01-23 06:58:00
763,121,HaNoi,4030510.0,PENDING,2025-08-26,2025-08-26 07:09:00
2692,120,DaNang,7549662.0,SHIPPING,2025-01-09,2025-01-10 05:20:00
2883,142,HaiPhong,824294.0,CANCELLED,2025-06-24,2025-06-24 05:51:00
244,108,HaNoi,1084234.0,SHIPPING,2025-06-10,2025-06-10 15:45:00
212,156,CanTho,17072080.0,SHIPPING,2025-05-04,2025-05-04 07:01:00
351,170,HaiPhong,16767063.0,COMPLETED,2025-07-11,2025-07-11 18:48:00
1618,86,HaiPhong,0,CANCELLED,2025-05-07,2025-05-07 08:56:00
891,4,DaNang,17821286.0,PENDING,2025-10-27,2025-10-27 07:15:00
1962,16,DaNang,11695034.0,SHIPPING,2025-03-10,2025-03-10 00:28:00
2453,27,DaNang,10961808.0,PENDING,,2025-04-04 23:02:00
1937,6,NgheAn,159023.0,PENDING,2025-05-01,2025-05-01 07:59:00
1941,149,CanTho,5255409.0,PENDING,2025-08-26,2025-08-26 02:03:00
2705,9,HaiPhong,19499794.0,CANCELLED,2025-06-03,2025-06-03 21:19:00
2121,43,HaiPhong,13554772.0,PENDING,2025-10-04,2025-10-04 05:25:00
1701,147,HaiPhong,0,CANCELLED,2025-10-09,2025-10-09 05:59:00
1318,139,DaNang,2025463.0,PENDING,2025-08-04,2025-08-04 16:27:00
345,79,HaiPhong,5033613.0,COMPLETED,2025-02-13,2025-02-14 05:23:00
2812,15,NgheAn,7589201.0,cancelled,2025-03-23,2025-03-23 08:19:00
2775,132,HaiPhong,2496068.0,CANCELLED,2025-09-28,2025-09-28 13:30:00
2623,146,NgheAn,11657581.0,SHIPPING,2025-04-10,2025-04-10 13:17:00
997,21,HoChiMinh,13025326.0,SHIPPING,2025-06-07,2025-06-07 04:07:00
1307,102,HaNoi,0,CANCELLED,2025-04-30,2025-04-30 04:28:00
2900,76,HoChiMinh,6834472.0,SHIPPING,2025-07-31,2025-07-31 15:54:00
273,191,NgheAn,0,SHIPPING,2025-03-13,2025-03-13 05:53:00
2356,41,DaNang,7273410.0,CANCELLED,2025-13-40,2025-09-23 02:38:00
2534,126,CanTho,15328376.0,COMPLETED,2025-10-26,2025-10-26 19:44:00
2107,26,CanTho,7297388.0,SHIPPING,2025-08-26,2025-08-26 12:13:00
2655,157,HaNoi,16013487.0,PENDING,2025-10-12,2025-10-12 21:44:00
2490,12,HaiPhong,2239706.0,COMPLETED,2025-08-14,2025-08-14 22:25:00
922,6,HoChiMinh,12633643.0,PENDING,2025-05-10,2025-05-10 11:37:00
2815,163,CanTho,15335436.0,PENDING,2025-03-17,2025-03-17 16:03:00
1824,77,HoChiMinh,17103328.0,COMPLETED,2025-05-01,2025-05-01 14:49:00
2913,162,HaNoi,12112745.0,PENDING,2025-03-19,2025-03-19 23:25:00
26,171,HaiPhong,7337666.0,COMPLETED,2025-09-07,2025-09-07 06:50:00
508,189,NgheAn,12676589.0,SHIPPING,2025-09-03,2025-09-03 06:42:00
2250,47,DaNang,9657604.0,SHIPPING,2025-03-18,2025-03-18 21:38:00
2619,121,HaiPhong,16232797.0,COMPLETED,2025-07-19,2025-07-19 08:34:00
855,80,HaNoi,2466838.0,COMPLETED,2025-03-20,2025-03-20 09:35:00
181,54,HoChiMinh,16007795.0,SHIPPING,2025-09-22,2025-09-22 10:38:00
790,81,HoChiMinh,3856054.0,PENDING,2025-13-40,2025-03-30 01:21:00
187,23,HaNoi,14979882.0,CANCELLED,2025-06-28,2025-06-28 03:24:00
311,192,HoChiMinh,4242077.0,CANCELLED,2025-05-13,2025-05-13 04:05:00
287,145,CanTho,3813935.0,SHIPPING,2025-02-20,2025-02-20 21:26:00
2477,82,HoChiMinh,19542923.0,SHIPPING,2025-08-27,2025-08-27 09:32:00
2821,152,HoChiMinh,13504240.0,COMPLETED,2025-06-08,2025-06-08 01:01:00
992,139,CanTho,16778464.0,CANCELLED,2025-10-28,2025-10-28 09:33:00
2546,37,HoChiMinh,3370072.0,SHIPPING,2025-01-15,2025-01-15 21:29:00
252,54,NgheAn,13180218.0,PENDING,2025-02-13,2025-02-13 20:28:00
1957,197,HaiPhong,19741189.0,CANCELLED,2025-01-17,2025-01-17 14:32:00
2113,164,NgheAn,6063518.0,COMPLETED,2025-07-12,2025-07-12 02:38:00
737,196,DaNang,1947849.0,PENDING,2025-01-10,2025-01-10 10:40:00
1423,140,HaNoi,18378957.0,SHIPPING,2025-03-22,2025-03-22 17:46:00
2335,504,HaNoi,14539449.0,SHIPPING,2025-07-20,2025-07-20 18:21:00
2980,84,HoChiMinh,15090448.0,COMPLETED,2025-01-23,2025-01-23 04:04:00
2585,31,HoChiMinh,13063153.0,COMPLETED,2025-07-06,2025-07-06 04:37:00
1854,155,DaNang,12325663.0,SHIPPING,2025-08-26,2025-08-26 20:11:00
1040,258,DaNang,17367908.0,CANCELLED,2025-08-05,2025-08-05 19:04:00
1857,38,HoChiMinh,15351888.0,PENDING,2025-07-14,2025-07-14 02:41:00
2029,165,NgheAn,167084.0,COMPLETED,2025-05-31,2025-05-31 07:11:00
719,53,CanTho,303009.0,CANCELLED,2025-04-08,2025-04-08 01:07:00
378,11,HoChiMinh,691610.0,PENDING,2025-01-22,2025-01-22 07:47:00
87,186,CanTho,13848732.0,PENDING,2025-03-15,2025-03-15 05:01:00
2090,63,NgheAn,344762.0,CANCELLED,2025-01-26,2025-01-26 22:34:00
2845,65,NgheAn,2476924.0,CANCELLED,2025-02-04,2025-02-04 16:18:00
2627,171,CanTho,1039224.0,SHIPPING,2025-10-23,2025-10-23 18:31:00
2173,198,HaiPhong,4360016.0,CANCELLED,31/02/2025,2025-01-09 01:00:00
1432,155,DaNang,1131777.0,CANCELLED,2025-01-25,2025-01-25 21:32:00
1327,135,HaiPhong,6463945.0,CANCELLED,2025-05-16,2025-05-16 04:38:00
2580,70,HaNoi,11651578.0,SHIPPING,2025-10-17,2025-10-17 07:29:00
702,139,HaiPhong,6865734.0,CANCELLED,2025-04-12,2025-04-12 22:18:00
1858,26,CanTho,15551284.0,PENDING,2025-04-29,2025-04-29 01:46:00
746,105,HaNoi,16244631.0,COMPLETED,2025-10-14,2025-10-14 23:11:00
2200,166,DaNang,6546117.0,SHIPPING,2025-10-14,2025-10-14 05:08:00
1263,37,CanTho,16985467.0,CANCELLED,2025-01-01,2025-01-01 07:16:00
879,85,HaiPhong,13570253.0,COMPLETED,2025-05-11,2025-05-11 11:09:00
2155,67,HoChiMinh,17778346.0,CANCELLED,2025-09-20,2025-09-21 02:39:00
3,187,DaNang,7434585.0,SHIPPING,2025-06-23,2025-06-23 07:37:00
735,126,HaNoi,13349557.0,CANCELLED,2025-02-11,2025-02-11 03:23:00
230,83,HaiPhong,10223218.0,COMPLETED,2025-08-08,2025-08-08 07:21:00
1168,70,HaNoi,19964236.0,PENDING,2025-07-28,2025-07-28 23:17:00
2654,113,NgheAn,4921462.0,PENDING,2025-02-01,2025-02-01 23:18:00
2193,65,CanTho,16865085.0,PENDING,2025-05-09,2025-05-09 17:25:00
1010,57,CanTho,15066902.0,PENDING,2025-10-26,2025-10-26 07:53:00
2560,89,HoChiMinh,14631876.0,COMPLETED,2025-05-02,2025-05-02 06:33:00
1515,156,NgheAn,13986576.0,PENDING,31/02/2025,2025-02-14 20:50:00
2360,124,NgheAn,18975202.0,PENDING,2025-03-27,2025-03-27 04:56:00
517,24,CanTho,12620766.0,SHIPPING,2025-06-19,2025-06-19 04:04:00
851,55,CanTho,4797763.0,COMPLETED,2025-07-05,2025-07-05 07:36:00
2552,115,DaNang,15132370.0,CANCELLED,2025-01-27,2025-01-27 06:08:00
1516,147,HaiPhong,4546059.0,SHIPPING,2025-02-12,2025-02-12 17:06:00
2707,81,NgheAn,17449437.0,PENDING,2025-13-40,2025-06-01 13:05:00
1766,130,HaiPhong,2645045.0,Completed,2025-07-09,2025-07-09 01:14:00
2621,33,DaNang,18799390.0,PENDING,2025-09-16,2025-09-16 13:24:00
647,118,HoChiMinh,3782337.0,PENDING,2025-03-25,2025-03-25 11:14:00
2189,170,HoChiMinh,8853103.0,PENDING,2025-09-25,2025-09-25 17:21:00
1188,53,HaNoi,18903242.0,CANCELLED,2025-02-05,2025-02-05 03:13:00
1158,8,HaNoi,1726554.0,SHIPPING,2025-06-19,2025-06-19 16:40:00
1653,140,HoChiMinh,7305230.0,SHIPPING,2025-09-15,2025-09-15 06:40:00
615,32,HaNoi,12504060.0,CANCELLED,2025-10-06,2025-10-06 18:06:00
1991,107,NgheAn,6248704.0,CANCELLED,2025-01-05,2025-01-05 03:10:00
459,56,NgheAn,942248.0,SHIPPING,31/02/2025,2025-07-30 05:14:00
606,170,DaNang,16233404.0,COMPLETED,2025-08-17,2025-08-17 16:50:00
2882,169,NgheAn,19443603.0,COMPLETED,2025-08-03,2025-08-03 15:26:00
2953,224,DaNang,10602946.0,COMPLETED,2025-09-16,2025-09-16 22:12:00
2235,331,DaNang,17067918.0,COMPLETED,2025-02-15,2025-02-15 23:48:00
309,70,NgheAn,13288149.0,SHIPPING,2025-01-20,2025-01-20 13:08:00
24,130,HaiPhong,15476938.0,PENDING,2025-01-01,2025-01-01 11:20:00
263,57,DaNang,11478721.0,SHIPPING,2025-13-40,2025-06-07 14:20:00
391,63,HoChiMinh,7953086.0,PENDING,2025-06-13,2025-06-14 11:21:00
2041,27,DaNang,8481985.0,SHIPPING,2025-05-11,2025-05-11 05:37:00
2390,133,DaNang,1407449.0,PENDING,2025-10-13,2025-10-13 22:24:00
867,81,HaiPhong,14871891.0,PENDING,2025-08-12,2025-08-12 03:34:00
2365,22,HaiPhong,-292369,SHIPPING,2025-04-06,2025-04-06 12:55:00
878,183,HaNoi,17367708.0,PENDING,2025-09-26,2025-09-26 03:34:00
2344,33,CanTho,-304024,SHIPPING,2025-07-07,2025-07-07 02:09:00
2502,75,HaiPhong,4599988.0,CANCELLED,2025-03-13,2025-03-13 05:23:00
1908,180,CanTho,1926507.0,COMPLETED,2025-05-27,2025-05-27 17:21:00
1730,185,HoChiMinh,14432677.0,PENDING,2025-13-40,2025-03-06 01:27:00
2227,39,NgheAn,19259835.0,CANCELLED,2025-08-08,2025-08-08 03:31:00
1455,19,NgheAn,17829513.0,COMPLETED,2025-01-31,2025-01-31 16:36:00
2,52,HoChiMinh,19664111.0,COMPLETED,2025-10-03,2025-10-03 04:31:00
801,36,NgheAn,6019173.0,CANCELLED,2025-01-11,2025-01-11 14:47:00
61,168,HaNoi,18657578.0,PENDING,2025-04-18,2025-04-18 11:12:00
2954,154,DaNang,12747058.0,SHIPPING,2025-02-18,2025-02-18 12:32:00
2589,62,HoChiMinh,13467140.0,CANCELLED,2025-08-26,2025-08-26 03:22:00
1886,39,HaiPhong,11735917.0,COMPLETED,2025-06-15,2025-06-15 04:10:00
1027,189,NgheAn,11076152.0,PENDING,2025-09-09,2025-09-09 05:07:00
144,38,DaNang,5142822.0,COMPLETED,2025-06-02,2025-06-02 23:27:00
689,119,HaNoi,3059542.0,SHIPPING,2025-05-10,2025-05-10 19:41:00
830,28,HaiPhong,14652547.0,SHIPPING,2025-05-05,2025-05-05 09:58:00
999,17,HaiPhong,4545565.0,COMPLETED,2025-05-16,2025-05-16 16:34:00
1129,93,HoChiMinh,789334.0,shipping,2025-04-20,2025-04-20 12:29:00
1109,106,HaiPhong,7539560.0,COMPLETED,,2025-06-24 03:48:00
1984,169,DaNang,13872640.0,COMPLETED,2025-01-20,2025-01-20 18:24:00
1718,108,DaNang,1985421.0,COMPLETED,2025-01-19,2025-01-19 15:51:00
70,126,NgheAn,19456522.0,CANCELLED,2025-07-11,2025-07-11 21:14:00
1082,67,HoChiMinh,9233797.0,CANCELLED,2025-10-27,2025-10-27 20:10:00
132,26,HaNoi,12195621.0,PENDING,2025-01-08,2025-01-08 02:30:00
1814,148,HaiPhong,13844925.0,SHIPPING,2025-05-30,2025-05-30 19:46:00
647,118,HoChiMinh,7124257.0,COMPLETED,2025-03-25,2025-03-25 13:14:00
1639,24,CanTho,,PENDING,2025-01-19,2025-01-19 06:55:00
1614,82,DaNang,5992108.0,CANCELLED,2025-05-04,2025-05-04 09:05:00
972,44,NgheAn,14777425.0,CANCELLED,2025-10-28,2025-10-28 17:26:00
969,142,CanTho,19196967.0,SHIPPING,2025-03-13,2025-03-13 05:55:00
2824,11,NgheAn,3353388.0,SHIPPING,2025-03-09,2025-03-09 10:25:00
2014,13,NgheAn,3881968.0,COMPLETED,2025-05-31,2025-05-31 09:42:00
1737,128,NgheAn,1055426.0,shipping,2025-05-27,2025-05-27 14:41:00
1717,72,DaNang,7747415.0,CANCELLED,2025-10-22,2025-10-22 06:54:00
413,142,HaiPhong,12218888.0,PENDING,2025-01-06,2025-01-06 04:21:00
672,19,CanTho,3686151.0,COMPLETED,2025-04-03,2025-04-03 19:55:00
1143,67,CanTho,2385571.0,CANCELLED,2025-02-08,2025-02-08 23:47:00
1393,92,HaNoi,3399119.0,CANCELLED,2025-10-18,2025-10-18 08:15:00
20,124,NgheAn,5437280.0,PENDING,2025-04-25,2025-04-25 04:00:00
1715,187,CanTho,14288693.0,CANCELLED,2025-07-17,2025-07-17 04:18:00
2353,108,DaNang,15234806.0,CANCELLED,2025-01-23,2025-01-23 20:16:00
799,138,HoChiMinh,7649849.0,SHIPPING,2025-01-31,2025-01-31 02:31:00
2371,147,CanTho,14771127.0,CANCELLED,31/02/2025,2025-08-07 07:04:00
1512,82,NgheAn,5798143.0,COMPLETED,2025-02-02,2025-02-02 03:36:00
1004,112,HaiPhong,1858055.0,CANCELLED,2025-09-25,2025-09-26 06:40:00
1798,27,HaNoi,12872326.0,PENDING,2025-03-25,2025-03-25 00:54:00
2449,166,NgheAn,17446831.0,pending,2025-05-25,2025-05-25 21:33:00
1111,43,CanTho,12645678.0,PENDING,2025-03-09,2025-03-09 11:52:00
2988,113,DaNang,16357104.0,CANCELLED,2025-07-01,2025-07-01 15:19:00
871,2,HoChiMinh,14926658.0,PENDING,2025-08-31,2025-08-31 06:29:00
1575,142,HoChiMinh,13041988.0,SHIPPING,2025-01-20,2025-01-20 21:07:00
844,193,DaNang,-159288,COMPLETED,2025-06-15,2025-06-15 14:14:00
959,138,HaiPhong,17219890.0,CANCELLED,2025-03-20,2025-03-20 08:02:00
1313,66,HaNoi,13120298.0,COMPLETED,2025-02-11,2025-02-11 12:42:00
2854,173,CanTho,4331115.0,PENDING,2025-08-29,2025-08-29 14:06:00
1462,163,CanTho,,PENDING,2025-07-01,2025-07-01 23:08:00
1500,159,NgheAn,883911.0,COMPLETED,2025-02-04,2025-02-04 16:31:00
2771,170,HaNoi,12706524.0,SHIPPING,2025-06-24,2025-06-24 07:10:00
2297,118,NgheAn,15375470.0,SHIPPING,2025-13-40,2025-08-03 13:04:00
2280,123,HaiPhong,1431897.0,COMPLETED,2025-04-11,2025-04-11 17:33:00
1054,90,HaNoi,5270084.0,Shipping,2025-05-06,2025-05-06 04:03:00
1415,96,DaNang,2753743.0,COMPLETED,2025-02-20,2025-02-20 23:23:00
1202,44,HaiPhong,18818885.0,SHIPPING,2025-07-25,2025-07-25 16:01:00
2811,107,HaNoi,18760339.0,PENDING,2025-03-07,2025-03-08 12:32:00
1667,151,DaNang,,SHIPPING,2025-09-04,2025-09-04 17:36:00
1591,171,DaNang,0,COMPLETED,2025-04-06,2025-04-06 00:36:00
2682,116,HoChiMinh,13704348.0,COMPLETED,2025-05-08,2025-05-08 04:06:00
312,2,HoChiMinh,2563434.0,Pending,2025-09-02,2025-09-02 17:36:00
2874,117,HaiPhong,19474407.0,SHIPPING,2025-03-21,2025-03-21 12:08:00
850,169,HaiPhong,4420108.0,SHIPPING,2025-03-08,2025-03-08 06:31:00
246,37,CanTho,7465796.0,PENDING,,2025-05-25 00:55:00
1722,148,CanTho,1023927.0,SHIPPING,2025-04-02,2025-04-02 11:59:00
1542,99,NgheAn,12889081.0,PENDING,,2025-10-09 11:27:00
892,582,HaiPhong,12415749.0,CANCELLED,2025-01-27,2025-01-27 18:34:00
1336,196,DaNang,8710011.0,PENDING,2025-05-23,2025-05-23 13:33:00
1049,61,HaiPhong,17484203.0,SHIPPING,2025-10-03,2025-10-03 04:28:00
2097,18,HoChiMinh,9049278.0,CANCELLED,2025-01-24,2025-01-24 12:58:00
2687,197,HaiPhong,4701702.0,PENDING,2025-07-22,2025-07-22 12:14:00
1460,3,CanTho,3380278.0,CANCELLED,2025-01-15,2025-01-15 07:52:00
706,113,NgheAn,1068212.0,COMPLETED,2025-07-27,2025-07-27 07:17:00
2720,51,NgheAn,8044877.0,SHIPPING,2025-10-09,2025-10-09 12:07:00
2656,159,HaNoi,18284807.0,PENDING,2025-07-07,2025-07-07 03:11:00
1230,101,DaNang,16637062.0,COMPLETED,2025-01-31,2025-01-31 17:29:00
2295,85,HoChiMinh,14645564.0,CANCELLED,2025-06-02,2025-06-02 13:59:00
295,61,HoChiMinh,0,PENDING,2025-06-30,2025-06-30 17:25:00
695,78,CanTho,11893574.0,SHIPPING,2025-05-12,2025-05-12 12:56:00
2957,133,DaNang,12556980.0,COMPLETED,2025-08-09,2025-08-09 17:05:00
2945,490,CanTho,5296184.0,SHIPPING,2025-06-23,2025-06-23 18:10:00
17,132,HoChiMinh,19278887.0,SHIPPING,2025-02-13,2025-02-13 13:12:00
511,117,HoChiMinh,2556125.0,PENDING,2025-02-10,2025-02-10 23:43:00
1880,95,HaiPhong,17103195.0,Pending,2025-07-18,2025-07-18 07:56:00
1161,18,NgheAn,13719957.0,COMPLETED,2025-01-06,2025-01-06 11:54:00
1425,6,HaiPhong,3354236.0,PENDING,2025-07-04,2025-07-05 17:26:00
2239,103,HaNoi,13085055.0,CANCELLED,2025-09-19,2025-09-19 02:56:00
198,549,DaNang,16385084.0,PENDING,2025-06-13,2025-06-13 04:19:00
1988,23,HaNoi,4412444.0,PENDING,2025-09-05,2025-09-05 00:18:00
1651,41,HaiPhong,2133065.0,CANCELLED,2025-06-03,2025-06-03 11:54:00
277,112,HaiPhong,2397497.0,CANCELLED,2025-10-06,2025-10-06 22:45:00
2264,69,HaNoi,15008738.0,COMPLETED,2025-04-10,2025-04-10 03:58:00
2827,627,HaiPhong,286169.0,SHIPPING,2025-06-07,2025-06-07 12:40:00
2100,56,HaiPhong,10853887.0,SHIPPING,2025-07-20,2025-07-20 04:29:00
612,88,CanTho,18729469.0,COMPLETED,2025-08-01,2025-08-01 21:58:00
2786,157,DaNang,15004609.0,Pending,2025-09-09,2025-09-09 14:58:00
1513,5,NgheAn,9072202.0,CANCELLED,2025-06-17,2025-06-17 09:27:00
216,113,DaNang,15188472.0,CANCELLED,2025-04-06,2025-04-06 14:11:00
2484,96,HaNoi,5420665.0,PENDING,2025-05-21,2025-05-21 18:11:00
452,265,HoChiMinh,7404935.0,COMPLETED,2025-07-31,2025-07-31 12:33:00
587,85,HaiPhong,4503246.0,CANCELLED,2025-03-30,2025-03-30 06:24:00
2265,192,HaiPhong,3425366.0,SHIPPING,2025-06-09,2025-06-09 19:58:00
1073,116,HoChiMinh,-82930,SHIPPING,2025-09-16,2025-09-16 04:32:00
1785,141,HaiPhong,9172931.0,CANCELLED,2025-06-20,2025-06-20 04:08:00
2659,186,HaNoi,16415124.0,SHIPPING,2025-05-19,2025-05-19 10:40:00
1075,501,HoChiMinh,1601963.0,CANCELLED,2025-01-06,2025-01-06 20:11:00
1349,77,HoChiMinh,12900359.0,CANCELLED,2025-09-12,2025-09-12 10:17:00
1233,85,DaNang,19527790.0,COMPLETED,2025-08-17,2025-08-17 14:40:00
1256,169,HoChiMinh,4497123.0,COMPLETED,2025-06-07,2025-06-07 12:17:00
279,26,HoChiMinh,13329833.0,SHIPPING,2025-03-15,2025-03-15 10:39:00
104,174,DaNang,223667.0,pending,2025-07-04,2025-07-04 23:18:00
292,80,DaNang,4756117.0,SHIPPING,2025-10-23,2025-10-23 01:38:00
2134,7,DaNang,17823499.0,SHIPPING,2025-03-18,2025-03-18 17:18:00
135,138,HoChiMinh,2101176.0,PENDING,2025-05-05,2025-05-05 07:04:00
1180,77,DaNang,430906.0,CANCELLED,2025-08-21,2025-08-21 18:46:00
2350,103,HaNoi,8344537.0,CANCELLED,2025-05-22,2025-05-22 06:33:00
865,110,HaNoi,17232779.0,COMPLETED,2025-05-11,2025-05-11 15:53:00
105,157,HoChiMinh,459517.0,CANCELLED,2025-09-01,2025-09-01 07:07:00
2699,91,HaiPhong,6355094.0,CANCELLED,2025-09-01,2025-09-01 18:00:00
1092,186,NgheAn,19579162.0,COMPLETED,2025-10-02,2025-10-02 16:10:00
2102,123,HoChiMinh,14345790.0,CANCELLED,2025-01-01,2025-01-01 04:41:00
2785,151,HaNoi,10089381.0,COMPLETED,2025-01-08,2025-01-08 10:06:00
1939,112,HaiPhong,52697.0,PENDING,2025-02-14,2025-02-14 20:28:00
237,149,HaiPhong,17677712.0,PENDING,2025-03-24,2025-03-24 22:55:00
2990,155,CanTho,14434853.0,COMPLETED,2025-06-11,2025-06-11 13:54:00
1901,64,HoChiMinh,6098112.0,pending,2025-06-28,2025-06-28 13:02:00
2702,130,DaNang,13293905.0,PENDING,2025-06-23,2025-06-23 03:24:00
1018,87,HaNoi,8520236.0,SHIPPING,2025-05-24,2025-05-24 17:16:00
2912,150,HoChiMinh,5646420.0,CANCELLED,2025-06-29,2025-06-29 18:45:00
619,112,CanTho,16128560.0,SHIPPING,2025-05-03,2025-05-03 12:41:00
1743,38,HoChiMinh,14563237.0,PENDING,2025-01-06,2025-01-06 14:04:00
680,169,CanTho,10471451.0,CANCELLED,2025-02-19,2025-02-19 19:46:00
786,119,HaNoi,6874475.0,COMPLETED,2025-08-15,2025-08-15 03:03:00
401,59,DaNang,1244766.0,CANCELLED,2025-05-27,2025-05-27 18:56:00
2708,471,DaNang,18448544.0,COMPLETED,2025-10-16,2025-10-16 06:53:00
540,101,DaNang,10735179.0,COMPLETED,2025-06-25,2025-06-25 05:26:00
2570,526,DaNang,11801937.0,SHIPPING,2025-06-29,2025-06-29 06:32:00
1970,118,HaiPhong,13658354.0,SHIPPING,2025-01-07,2025-01-07 23:57:00
1080,149,HaiPhong,18280137.0,PENDING,2025-07-19,2025-07-19 05:20:00
30,24,HaiPhong,4076662.0,COMPLETED,2025-04-25,2025-04-25 22:07:00
224,147,NgheAn,15195826.0,COMPLETED,2025-06-27,2025-06-27 19:27:00
593,182,HaiPhong,11731035.0,CANCELLED,2025-07-24,2025-07-24 14:29:00
1544,109,HaNoi,6765916.0,SHIPPING,2025-06-16,2025-06-16 07:00:00
1079,96,HoChiMinh,9861558.0,COMPLETED,2025-07-30,2025-07-30 17:19:00
1122,190,NgheAn,12039726.0,CANCELLED,2025-09-17,2025-09-17 16:10:00
1464,138,HoChiMinh,681194.0,COMPLETED,2025-02-10,2025-02-10 02:37:00
2093,122,HaiPhong,5279569.0,SHIPPING,2025-01-21,2025-01-21 11:11:00
724,194,NgheAn,8461481.0,PENDING,2025-05-16,2025-05-16 04:59:00
408,112,HaNoi,9696954.0,PENDING,2025-08-19,2025-08-19 03:59:00
3000,113,HoChiMinh,7122313.0,COMPLETED,2025-04-03,2025-04-04 02:47:00
395,74,HaNoi,17673029.0,PENDING,2025-02-14,2025-02-14 04:05:00
2129,15,NgheAn,13312432.0,COMPLETED,2025-02-27,2025-02-27 16:57:00
1378,47,DaNang,17696102.0,CANCELLED,2025-05-12,2025-05-12 15:13:00
696,121,HaiPhong,7582246.0,CANCELLED,2025-07-12,2025-07-12 13:00:00
1565,198,HoChiMinh,5894985.0,SHIPPING,2025-05-21,2025-05-21 00:55:00
1417,173,NgheAn,16270829.0,COMPLETED,2025-02-19,2025-02-19 21:43:00
698,4,DaNang,9672795.0,PENDING,2025-09-09,2025-09-09 11:25:00
907,32,HaiPhong,4551375.0,CANCELLED,2025-01-26,2025-01-26 17:22:00
2864,108,CanTho,2984805.0,SHIPPING,2025-10-13,2025-10-13 03:17:00
2858,169,CanTho,6320598.0,SHIPPING,2025-06-12,2025-06-12 06:51:00
1205,44,HaNoi,6182696.0,CANCELLED,2025-08-25,2025-08-26 08:49:00
957,69,HaiPhong,3075985.0,CANCELLED,2025-08-02,2025-08-02 08:47:00
1998,177,CanTho,179007.0,CANCELLED,2025-02-10,2025-02-10 13:53:00
1165,77,NgheAn,1587085.0,CANCELLED,2025-01-20,2025-01-20 12:08:00
1826,83,HaNoi,3557670.0,COMPLETED,2025-08-17,2025-08-17 21:06:00
1748,47,CanTho,13270928.0,SHIPPING,2025-06-01,2025-06-01 23:45:00
2071,80,HoChiMinh,14390331.0,CANCELLED,2025-07-04,2025-07-04 19:48:00
753,98,HaiPhong,15167161.0,CANCELLED,2025-06-10,2025-06-10 17:09:00
1554,200,CanTho,6388733.0,Shipping,2025-06-23,2025-06-23 09:07:00
2038,119,DaNang,17556242.0,SHIPPING,2025-07-03,2025-07-03 23:48:00
207,62,HaiPhong,8286438.0,COMPLETED,2025-08-01,2025-08-01 18:09:00
2406,166,DaNang,15137469.0,CANCELLED,2025-10-21,2025-10-21 11:54:00
1927,87,HoChiMinh,13825907.0,COMPLETED,2025-01-31,2025-01-31 14:20:00
940,80,CanTho,16223619.0,SHIPPING,2025-10-16,2025-10-16 20:27:00
2937,261,HaNoi,12870802.0,PENDING,2025-10-25,2025-10-25 07:46:00
2795,145,HoChiMinh,9311858.0,COMPLETED,2025-03-11,2025-03-11 15:51:00
1744,169,CanTho,6664620.0,COMPLETED,2025-09-19,2025-09-19 19:37:00
1972,45,HaNoi,6120950.0,PENDING,2025-07-08,2025-07-08 03:55:00
1731,65,HaiPhong,13554760.0,CANCELLED,2025-04-30,2025-04-30 00:51:00
1116,34,HaNoi,19648076.0,SHIPPING,2025-08-18,2025-08-18 09:50:00
1933,148,HaiPhong,3747498.0,PENDING,2025-05-25,2025-05-25 15:46:00
1563,54,DaNang,12774347.0,CANCELLED,2025-10-18,2025-10-18 15:46:00
319,174,HaNoi,14081580.0,CANCELLED,2025-07-29,2025-07-29 05:55:00
2833,176,HaiPhong,3380802.0,COMPLETED,2025-02-04,2025-02-04 14:58:00
2126,120,NgheAn,15559610.0,pending,2025-10-22,2025-10-22 13:47:00
2047,115,CanTho,15269850.0,PENDING,2025-10-01,2025-10-01 05:30:00
1684,179,NgheAn,7392435.0,COMPLETED,2025-05-15,2025-05-15 22:25:00
2293,84,HaNoi,9764355.0,COMPLETED,2025-05-05,2025-05-05 01:32:00
772,176,DaNang,12464163.0,COMPLETED,2025-03-26,2025-03-26 05:51:00
2358,175,CanTho,3112199.0,SHIPPING,2025-01-24,2025-01-24 03:37:00
1663,64,HaiPhong,10174046.0,PENDING,2025-07-28,2025-07-28 11:16:00
1068,81,NgheAn,-108268,CANCELLED,2025-03-06,2025-03-06 22:06:00
315,56,DaNang,10092529.0,CANCELLED,2025-02-23,2025-02-23 08:33:00
394,22,NgheAn,15912956.0,CANCELLED,2025-04-14,2025-04-14 13:16:00
880,27,DaNang,9302632.0,COMPLETED,2025-07-24,2025-07-24 14:25:00
448,56,HoChiMinh,13232809.0,COMPLETED,2025-07-14,2025-07-14 08:04:00
2878,59,CanTho,10242871.0,SHIPPING,2025-02-15,2025-02-15 11:18:00
1834,68,HoChiMinh,6127033.0,CANCELLED,,2025-03-30 23:50:00
861,164,DaNang,1599778.0,PENDING,2025-10-27,2025-10-27 12:22:00
1246,71,CanTho,9925898.0,CANCELLED,2025-01-31,2025-01-31 06:21:00
2549,188,HaNoi,10386780.0,CANCELLED,,2025-04-04 23:04:00
1986,126,HoChiMinh,17576067.0,PENDING,2025-04-25,2025-04-25 16:36:00
2877,173,CanTho,17647730.0,SHIPPING,2025-02-05,2025-02-05 12:04:00
1744,169,CanTho,18346255.0,PENDING,2025-09-19,2025-09-20 01:37:00
2048,7,HaiPhong,14866988.0,PENDING,2025-03-02,2025-03-03 11:12:00
1982,193,HoChiMinh,18719363.0,SHIPPING,2025-03-25,2025-03-25 21:44:00
548,108,HaNoi,6772674.0,Pending,2025-01-30,2025-01-30 10:35:00
2048,7,HaiPhong,9365408.0,SHIPPING,2025-03-02,2025-03-02 21:12:00
2402,131,HoChiMinh,9417287.0,PENDING,2025-01-11,2025-01-11 04:51:00
2919,101,HoChiMinh,15631857.0,SHIPPING,2025-06-15,2025-06-15 00:10:00
1125,93,NgheAn,10324989.0,CANCELLED,2025-10-23,2025-10-23 18:05:00
2274,69,CanTho,,CANCELLED,2025-06-19,2025-06-19 07:39:00
1086,27,CanTho,8780393.0,Cancelled,2025-01-04,2025-01-04 13:14:00
2896,173,HoChiMinh,1441447.0,CANCELLED,2025-06-14,2025-06-14 03:01:00
2238,115,HoChiMinh,14253640.0,CANCELLED,2025-06-30,2025-06-30 23:27:00
1712,189,NgheAn,15690831.0,CANCELLED,2025-04-18,2025-04-18 13:32:00
2513,132,HoChiMinh,18114117.0,SHIPPING,2025-07-25,2025-07-25 00:35:00
2105,78,NgheAn,11873101.0,SHIPPING,2025-10-19,2025-10-19 03:01:00
2537,85,CanTho,4905022.0,PENDING,2025-03-02,2025-03-02 10:44:00
732,25,HaNoi,7704324.0,COMPLETED,2025-03-21,2025-03-21 02:17:00
740,56,NgheAn,19954567.0,CANCELLED,2025-10-25,2025-10-25 16:57:00
131,108,HoChiMinh,9399216.0,CANCELLED,2025-01-14,2025-01-14 21:53:00
2232,27,HaiPhong,19904725.0,COMPLETED,2025-05-11,2025-05-11 01:56:00
1743,38,HoChiMinh,4145551.0,CANCELLED,2025-01-06,2025-01-07 11:04:00
1703,19,NgheAn,2275125.0,completed,2025-08-22,2025-08-22 03:06:00
1217,9,DaNang,16094142.0,CANCELLED,2025-01-26,2025-01-26 13:03:00
1598,171,HaiPhong,,SHIPPING,2025-04-25,2025-04-25 06:59:00
1007,11,DaNang,13047196.0,SHIPPING,2025-07-14,2025-07-14 09:17:00
124,190,HoChiMinh,15947281.0,SHIPPING,2025-03-31,2025-03-31 18:41:00
1353,152,HaNoi,5128758.0,COMPLETED,2025-04-24,2025-04-24 01:36:00
2028,159,HaiPhong,2846682.0,PENDING,2025-08-24,2025-08-24 01:30:00
2649,25,HaiPhong,14906906.0,COMPLETED,2025-10-02,2025-10-02 22:38:00
2480,78,HaNoi,13520087.0,COMPLETED,2025-07-11,2025-07-11 15:15:00
2101,49,HoChiMinh,17752152.0,PENDING,2025-09-04,2025-09-04 17:22:00
1950,44,DaNang,15868937.0,COMPLETED,2025-07-23,2025-07-23 03:42:00
2769,10,HoChiMinh,8604563.0,PENDING,,2025-05-30 00:15:00
1677,15,HaNoi,18448240.0,COMPLETED,2025-09-18,2025-09-18 12:07:00
294,31,DaNang,15875464.0,PENDING,2025-04-07,2025-04-07 06:50:00
2030,15,HaiPhong,19189145.0,CANCELLED,2025-01-26,2025-01-26 04:25:00
2243,91,HaNoi,5757838.0,CANCELLED,2025-10-21,2025-10-21 06:40:00
385,112,HaiPhong,3202360.0,COMPLETED,2025-07-03,2025-07-03 07:31:00
416,38,DaNang,1408857.0,SHIPPING,2025-07-15,2025-07-15 16:09:00
2307,141,NgheAn,508951.0,SHIPPING,2025-04-08,2025-04-08 09:44:00
368,27,HaNoi,12893391.0,COMPLETED,2025-06-22,2025-06-22 23:02:00
1788,173,HoChiMinh,8925309.0,SHIPPING,2025-01-25,2025-01-25 14:05:00
2486,68,HoChiMinh,9905737.0,CANCELLED,2025-09-24,2025-09-24 03:48:00
2421,117,NgheAn,19673075.0,CANCELLED,2025-03-26,2025-03-27 08:57:00
534,33,HaiPhong,10576287.0,CANCELLED,2025-08-24,2025-08-24 05:45:00
1341,119,HaNoi,19563065.0,COMPLETED,2025-07-18,2025-07-18 03:44:00
2625,34,CanTho,4364226.0,SHIPPING,2025-08-16,2025-08-16 07:53:00
2224,59,NgheAn,7195059.0,COMPLETED,2025-02-12,2025-02-12 22:41:00
2389,82,DaNang,5597931.0,SHIPPING,2025-07-08,2025-07-08 15:29:00
1184,89,HaNoi,10366618.0,SHIPPING,2025-10-23,2025-10-23 16:42:00
1056,51,HaiPhong,14852483.0,SHIPPING,2025-06-28,2025-06-30 04:56:00
2978,178,DaNang,8729307.0,PENDING,2025-01-07,2025-01-07 14:55:00
2471,135,HaiPhong,7831880.0,COMPLETED,2025-06-26,2025-06-26 19:59:00
860,112,HaNoi,11496965.0,COMPLETED,2025-03-25,2025-03-25 16:31:00
668,195,CanTho,8735452.0,CANCELLED,2025-06-01,2025-06-01 09:15:00
774,176,DaNang,13091548.0,Completed,2025-08-17,2025-08-17 09:52:00
1465,124,CanTho,11605257.0,CANCELLED,2025-01-05,2025-01-05 00:34:00
2662,60,CanTho,14753077.0,Pending,2025-04-01,2025-04-01 23:44:00
2602,88,NgheAn,11413450.0,PENDING,2025-01-29,2025-01-29 09:33:00
1892,26,HaNoi,18813331.0,Completed,2025-02-18,2025-02-18 19:34:00
2413,316,NgheAn,4938048.0,PENDING,2025-09-22,2025-09-22 06:02:00
509,140,CanTho,16726631.0,SHIPPING,2025-08-01,2025-08-01 12:21:00
2960,55,CanTho,0,PENDING,2025-06-27,2025-06-27 15:09:00
2125,113,DaNang,5965104.0,COMPLETED,2025-02-01,2025-02-02 17:31:00
2098,176,HoChiMinh,,PENDING,2025-06-26,2025-06-26 00:42:00
1728,164,HaNoi,13489784.0,SHIPPING,2025-13-40,2025-01-24 02:53:00
2067,108,NgheAn,5708998.0,shipping,2025-08-24,2025-08-24 19:23:00
693,172,HaNoi,15592935.0,PENDING,2025-04-09,2025-04-09 16:03:00
1866,82,HaiPhong,6537059.0,COMPLETED,2025-08-08,2025-08-08 17:44:00
233,152,DaNang,3532089.0,PENDING,2025-07-20,2025-07-20 06:59:00
1912,141,CanTho,17064028.0,CANCELLED,2025-07-04,2025-07-04 23:58:00
1309,86,HoChiMinh,19572099.0,SHIPPING,2025-13-40,2025-08-19 12:36:00
531,149,HaNoi,17674334.0,CANCELLED,2025-02-21,2025-02-21 15:33:00
1361,129,HaiPhong,19993129.0,PENDING,2025-01-12,2025-01-12 20:51:00
943,28,HoChiMinh,10603066.0,COMPLETED,2025-08-08,2025-08-08 23:45:00
859,1,NgheAn,16769175.0,cancelled,2025-06-01,2025-06-01 09:34:00
2226,61,CanTho,5607415.0,pending,2025-02-04,2025-02-04 21:14:00
890,16,CanTho,12943814.0,CANCELLED,2025-05-05,2025-05-05 10:34:00
2119,26,HoChiMinh,5459584.0,CANCELLED,2025-05-24,2025-05-24 10:11:00
298,25,HaNoi,2182161.0,PENDING,2025-02-11,2025-02-11 23:27:00
2455,132,HoChiMinh,448270.0,PENDING,2025-03-13,2025-03-13 09:44:00
2398,69,DaNang,3366276.0,PENDING,2025-13-40,2025-06-20 09:21:00
1606,102,DaNang,4614709.0,PENDING,2025-06-25,2025-06-25 06:26:00
2848,144,HaNoi,3972455.0,COMPLETED,2025-06-01,2025-06-01 16:17:00
527,50,HoChiMinh,11797823.0,CANCELLED,2025-04-24,2025-04-24 13:59:00
2718,406,DaNang,15926704.0,SHIPPING,2025-05-08,2025-05-08 17:28:00
1738,137,DaNang,7964713.0,CANCELLED,2025-07-12,2025-07-12 06:16:00
129,167,DaNang,10327466.0,COMPLETED,2025-06-17,2025-06-17 09:54:00
2476,52,HaiPhong,18544958.0,SHIPPING,2025-07-02,2025-07-02 09:15:00
2372,106,HaNoi,13157550.0,COMPLETED,2025-09-14,2025-09-14 14:11:00
1322,41,HoChiMinh,17860720.0,Cancelled,2025-04-07,2025-04-07 16:45:00
2802,64,DaNang,16194010.0,COMPLETED,2025-07-03,2025-07-05 09:42:00
1571,79,HoChiMinh,18124420.0,CANCELLED,2025-09-19,2025-09-19 19:38:00
1529,49,DaNang,3411023.0,COMPLETED,2025-02-19,2025-02-19 15:31:00
1585,100,HoChiMinh,0,COMPLETED,2025-08-24,2025-08-24 03:18:00
1277,3,NgheAn,9745488.0,PENDING,2025-03-31,2025-03-31 12:01:00
1719,53,HoChiMinh,5564639.0,PENDING,2025-06-28,2025-06-28 20:48:00
2233,315,DaNang,1589399.0,PENDING,2025-07-22,2025-07-22 07:02:00
1561,174,HoChiMinh,12532137.0,COMPLETED,2025-07-26,2025-07-26 14:14:00
2473,195,NgheAn,3651390.0,SHIPPING,2025-08-21,2025-08-21 18:53:00
189,34,NgheAn,15765199.0,PENDING,,2025-04-22 16:37:00
2746,84,DaNang,14276152.0,PENDING,2025-10-19,2025-10-19 14:30:00
971,4,HaNoi,1637587.0,COMPLETED,2025-06-29,2025-06-29 18:19:00
2006,184,DaNang,14624307.0,CANCELLED,2025-05-27,2025-05-27 12:02:00
1803,103,NgheAn,16992336.0,PENDING,2025-02-23,2025-02-23 00:44:00
2203,56,DaNang,1878940.0,pending,2025-05-18,2025-05-18 06:43:00
2481,15,HoChiMinh,6883587.0,CANCELLED,2025-02-11,2025-02-11 06:45:00
1929,173,HaNoi,4449374.0,COMPLETED,2025-07-03,2025-07-03 02:41:00
2855,93,CanTho,12576964.0,CANCELLED,2025-05-14,2025-05-14 15:37:00
2491,21,NgheAn,13562587.0,COMPLETED,2025-07-06,2025-07-06 10:09:00
2666,113,NgheAn,6549752.0,COMPLETED,2025-02-02,2025-02-02 23:42:00
1424,107,HoChiMinh,19135650.0,CANCELLED,2025-09-09,2025-09-09 11:03:00
1619,162,NgheAn,6541037.0,Cancelled,2025-01-31,2025-01-31 10:14:00
1893,27,CanTho,4690988.0,CANCELLED,2025-03-27,2025-03-27 20:40:00
178,19,HaiPhong,18709767.0,COMPLETED,2025-01-07,2025-01-07 04:02:00
2951,102,NgheAn,10133893.0,PENDING,2025-06-01,2025-06-01 20:04:00
501,540,CanTho,14995495.0,PENDING,2025-09-19,2025-09-19 22:00:00
223,196,HoChiMinh,12758494.0,PENDING,2025-09-03,2025-09-03 09:17:00
1642,39,CanTho,19317014.0,CANCELLED,2025-04-23,2025-04-23 15:57:00
1450,143,HoChiMinh,15451341.0,CANCELLED,2025-09-25,2025-09-25 23:04:00
1708,101,CanTho,7210952.0,CANCELLED,2025-10-04,2025-10-04 14:14:00
2117,53,HaNoi,16197921.0,CANCELLED,2025-02-23,2025-02-23 13:41:00
1204,25,HaiPhong,13601844.0,CANCELLED,2025-03-27,2025-03-27 10:33:00
2994,44,DaNang,17631128.0,CANCELLED,2025-06-18,2025-06-18 04:40:00
143,45,HoChiMinh,4408263.0,COMPLETED,2025-02-13,2025-02-13 04:25:00
1867,57,HoChiMinh,17041511.0,PENDING,2025-01-13,2025-01-13 09:41:00
2199,39,HaiPhong,19508853.0,COMPLETED,2025-08-18,2025-08-18 21:12:00
2457,368,CanTho,14689586.0,SHIPPING,2025-07-19,2025-07-19 09:38:00
2697,184,HoChiMinh,13874366.0,COMPLETED,2025-05-26,2025-05-26 11:16:00
978,161,HaiPhong,3206835.0,CANCELLED,2025-07-10,2025-07-10 13:41:00
950,193,HoChiMinh,1030167.0,SHIPPING,2025-07-19,2025-07-19 18:14:00
1259,101,HaiPhong,13924926.0,PENDING,2025-05-18,2025-05-18 15:49:00
2912,150,HoChiMinh,8315387.0,SHIPPING,2025-06-29,2025-06-30 03:45:00
1844,16,CanTho,2786281.0,COMPLETED,2025-09-29,2025-09-29 05:08:00
2991,73,DaNang,10396576.0,COMPLETED,2025-03-08,2025-03-08 00:02:00
440,187,NgheAn,5483668.0,CANCELLED,2025-08-14,2025-08-14 16:22:00
1133,625,CanTho,1863444.0,CANCELLED,2025-01-26,2025-01-26 00:56:00
2558,89,CanTho,19880109.0,SHIPPING,2025-06-25,2025-06-25 21:30:00
2539,51,HoChiMinh,17346445.0,COMPLETED,2025-03-22,2025-03-22 20:03:00
550,26,CanTho,15716307.0,SHIPPING,2025-02-14,2025-02-14 20:29:00
1513,5,NgheAn,9461508.0,COMPLETED,2025-06-17,2025-06-19 02:27:00
2329,135,HaNoi,17040273.0,COMPLETED,2025-04-29,2025-04-29 11:10:00
2700,133,NgheAn,7998088.0,SHIPPING,2025-02-07,2025-02-07 07:17:00
2208,96,HaNoi,14697368.0,COMPLETED,2025-03-03,2025-03-03 23:57:00
1414,56,CanTho,-413691,CANCELLED,2025-08-30,2025-08-30 11:19:00
2521,198,DaNang,12890159.0,COMPLETED,2025-04-28,2025-04-28 16:08:00
375,87,HaiPhong,1521970.0,SHIPPING,,2025-03-19 11:13:00
2712,65,HaiPhong,3901087.0,PENDING,2025-01-20,2025-01-20 20:13:00
2747,103,DaNang,16625299.0,COMPLETED,2025-07-28,2025-07-28 03:37:00
2818,200,HaNoi,1328304.0,COMPLETED,2025-04-06,2025-04-06 15:47:00
2281,4,NgheAn,19693075.0,CANCELLED,2025-06-07,2025-06-07 12:03:00
2905,36,HaiPhong,4289679.0,PENDING,2025-02-12,2025-02-13 16:29:00
656,175,DaNang,17754948.0,PENDING,2025-05-24,2025-05-24 01:02:00
1488,197,HaNoi,451845.0,PENDING,2025-07-02,2025-07-02 03:42:00
2331,48,NgheAn,7191674.0,CANCELLED,2025-03-14,2025-03-14 11:40:00
2592,45,HaiPhong,17912285.0,SHIPPING,2025-07-11,2025-07-13 10:20:00
968,29,DaNang,10481944.0,PENDING,2025-01-01,2025-01-01 15:41:00
1521,189,HaiPhong,5055131.0,SHIPPING,2025-08-04,2025-08-04 16:02:00
1281,161,HaiPhong,4685149.0,CANCELLED,2025-01-06,2025-01-06 14:05:00
863,161,HaNoi,6968903.0,PENDING,2025-08-25,2025-08-25 00:07:00
636,25,HoChiMinh,15223040.0,CANCELLED,2025-04-25,2025-04-25 19:49:00
1495,103,HaiPhong,15097240.0,CANCELLED,2025-07-12,2025-07-12 09:18:00
1316,28,HaiPhong,12359613.0,SHIPPING,31/02/2025,2025-10-04 05:06:00
1508,155,DaNang,11776538.0,PENDING,2025-10-24,2025-10-24 09:14:00
44,30,HoChiMinh,2620114.0,CANCELLED,2025-06-19,2025-06-19 07:29:00
862,90,NgheAn,3466731.0,CANCELLED,2025-01-12,2025-01-12 19:09:00
543,160,HoChiMinh,5473537.0,PENDING,2025-08-21,2025-08-21 01:18:00
1152,80,HaiPhong,9344167.0,CANCELLED,2025-01-30,2025-01-30 11:05:00
1860,417,HaNoi,13757522.0,PENDING,2025-07-18,2025-07-18 21:49:00
2159,105,HaiPhong,,SHIPPING,2025-10-20,2025-10-20 15:53:00
2561,94,HaiPhong,429289.0,CANCELLED,2025-02-04,2025-02-04 21:16:00
2520,421,NgheAn,16059220.0,CANCELLED,2025-08-21,2025-08-21 03:33:00
2197,15,NgheAn,18745234.0,CANCELLED,2025-03-05,2025-03-05 12:34:00
1033,40,HaiPhong,15737002.0,SHIPPING,2025-06-08,2025-06-08 18:20:00
24,130,HaiPhong,11435610.0,SHIPPING,2025-01-01,2025-01-01 07:20:00
52,54,NgheAn,12916958.0,SHIPPING,2025-03-18,2025-03-18 10:24:00
1922,94,HaNoi,15784067.0,PENDING,2025-08-16,2025-08-16 11:54:00
1952,55,CanTho,10721341.0,SHIPPING,2025-08-03,2025-08-03 00:23:00
650,73,HoChiMinh,7367733.0,COMPLETED,2025-07-03,2025-07-03 15:29:00
1298,156,CanTho,1035019.0,COMPLETED,2025-01-15,2025-01-15 00:59:00
793,160,NgheAn,18261408.0,PENDING,2025-05-30,2025-05-30 06:25:00
369,96,DaNang,18631880.0,SHIPPING,2025-02-06,2025-02-06 08:20:00
1083,38,NgheAn,0,COMPLETED,2025-02-18,2025-02-18 06:04:00
2759,147,CanTho,12506772.0,CANCELLED,2025-02-14,2025-02-14 11:16:00
2962,28,DaNang,1408888.0,CANCELLED,2025-01-25,2025-01-25 17:24:00
1145,57,HaNoi,5146215.0,CANCELLED,2025-08-14,2025-08-14 02:49:00
15,100,HaNoi,19253196.0,SHIPPING,2025-03-03,2025-03-03 08:11:00
428,26,CanTho,15080980.0,COMPLETED,2025-05-05,2025-05-05 18:17:00
884,175,DaNang,14704147.0,CANCELLED,2025-09-05,2025-09-05 01:50:00
1325,147,CanTho,18848086.0,Shipping,2025-06-07,2025-06-07 19:35:00
1375,94,NgheAn,1670197.0,COMPLETED,2025-06-30,2025-06-30 04:03:00
577,48,NgheAn,4447695.0,COMPLETED,31/02/2025,2025-06-13 21:08:00
934,160,HaNoi,10842354.0,CANCELLED,2025-06-05,2025-06-05 21:50:00
584,164,DaNang,16054091.0,COMPLETED,2025-05-06,2025-05-06 00:08:00
2408,29,NgheAn,8383158.0,COMPLETED,2025-02-02,2025-02-02 22:32:00
1172,163,HoChiMinh,,CANCELLED,2025-06-17,2025-06-17 15:23:00
1954,164,HaNoi,13467649.0,PENDING,2025-04-14,2025-04-14 11:11:00
1038,31,HoChiMinh,2763099.0,Shipping,2025-02-01,2025-02-01 01:35:00
480,138,HaNoi,15621357.0,COMPLETED,2025-09-03,2025-09-03 01:07:00
2678,29,CanTho,12131133.0,PENDING,2025-04-27,2025-04-27 08:03:00
1160,28,HoChiMinh,-183197,CANCELLED,2025-10-16,2025-10-16 23:26:00
521,183,HoChiMinh,12232281.0,CANCELLED,31/02/2025,2025-05-04 13:39:00
2756,28,HaNoi,10802990.0,PENDING,2025-10-10,2025-10-10 07:32:00
454,142,DaNang,18233195.0,CANCELLED,2025-10-01,2025-10-01 09:07:00
804,109,HaiPhong,702151.0,COMPLETED,2025-03-15,2025-03-15 17:48:00
2936,194,NgheAn,7285675.0,Cancelled,2025-05-16,2025-05-16 21:07:00
1017,169,DaNang,2471513.0,SHIPPING,2025-09-24,2025-09-24 03:06:00
1071,71,DaNang,9770649.0,PENDING,,2025-01-05 12:33:00
1382,8,DaNang,11834474.0,COMPLETED,31/02/2025,2025-08-29 00:18:00
12,148,HoChiMinh,19798918.0,PENDING,2025-06-07,2025-06-07 18:56:00
89,121,CanTho,17099809.0,SHIPPING,2025-09-07,2025-09-07 09:22:00
1780,13,HaiPhong,18487930.0,COMPLETED,2025-02-22,2025-02-22 23:43:00
23,184,HaNoi,13340592.0,PENDING,2025-10-11,2025-10-11 00:20:00
1153,129,CanTho,13605648.0,PENDING,2025-07-27,2025-07-27 01:56:00
2834,145,HoChiMinh,11413547.0,SHIPPING,2025-08-26,2025-08-26 13:44:00
913,191,HoChiMinh,7123979.0,PENDING,2025-06-06,2025-06-06 11:19:00
2209,4,HoChiMinh,13326377.0,SHIPPING,2025-09-27,2025-09-27 22:34:00
2626,158,HaiPhong,13781804.0,CANCELLED,2025-08-02,2025-08-03 05:36:00
713,188,DaNang,7074745.0,CANCELLED,2025-02-16,2025-02-16 00:54:00
1185,121,HaNoi,5901734.0,COMPLETED,2025-05-09,2025-05-09 07:40:00
1491,49,HaiPhong,6309872.0,CANCELLED,2025-06-17,2025-06-17 07:42:00
236,173,HoChiMinh,8733354.0,CANCELLED,2025-02-27,2025-03-01 11:01:00
47,155,HoChiMinh,11935243.0,SHIPPING,2025-07-21,2025-07-21 13:19:00
2500,103,DaNang,19614240.0,PENDING,2025-01-12,2025-01-12 05:58:00
583,174,HoChiMinh,4332063.0,COMPLETED,2025-03-23,2025-03-23 07:24:00
1815,148,CanTho,2299957.0,CANCELLED,2025-08-20,2025-08-20 09:45:00
2301,351,HaNoi,755003.0,PENDING,2025-02-23,2025-02-23 11:17:00
2375,165,NgheAn,18002254.0,SHIPPING,2025-09-30,2025-09-30 11:34:00
1380,59,CanTho,-362655,COMPLETED,2025-03-20,2025-03-20 04:22:00
1784,183,CanTho,6623206.0,SHIPPING,2025-06-20,2025-06-20 10:09:00
2898,2,NgheAn,17868503.0,COMPLETED,2025-10-20,2025-10-20 21:27:00
1547,13,DaNang,-237175,CANCELLED,2025-07-31,2025-07-31 08:12:00
1107,50,CanTho,,CANCELLED,2025-04-03,2025-04-03 18:55:00
2564,16,HoChiMinh,1304381.0,CANCELLED,2025-09-03,2025-09-03 20:36:00
269,24,CanTho,3956399.0,SHIPPING,2025-07-28,2025-07-28 04:25:00
1373,33,CanTho,10805800.0,SHIPPING,2025-02-19,2025-02-19 03:23:00
271,169,DaNang,8782050.0,Shipping,2025-08-28,2025-08-28 06:16:00
2253,10,HoChiMinh,14250129.0,CANCELLED,2025-03-17,2025-03-17 07:07:00
2651,403,NgheAn,17696938.0,CANCELLED,2025-03-09,2025-03-09 17:39:00
211,15,HaNoi,12288424.0,SHIPPING,,2025-10-11 21:04:00
1698,142,HoChiMinh,17548029.0,COMPLETED,2025-02-08,2025-02-08 16:15:00
1296,49,DaNang,4882129.0,PENDING,2025-06-14,2025-06-14 18:44:00
2025,11,NgheAn,7368005.0,SHIPPING,2025-09-13,2025-09-13 13:48:00
1727,160,NgheAn,-162792,CANCELLED,2025-07-15,2025-07-15 10:45:00
2110,18,HaiPhong,5712911.0,PENDING,2025-04-08,2025-04-08 07:15:00
1688,90,HaiPhong,2534464.0,SHIPPING,2025-09-19,2025-09-19 23:49:00
2799,49,NgheAn,14257339.0,SHIPPING,2025-04-16,2025-04-16 12:12:00
1402,195,HaiPhong,13700621.0,COMPLETED,2025-08-13,2025-08-13 10:13:00
908,132,NgheAn,17487336.0,CANCELLED,2025-03-24,2025-03-24 19:23:00
1273,30,HaiPhong,18074951.0,COMPLETED,,2025-01-02 04:52:00
2183,136,HoChiMinh,16221316.0,COMPLETED,2025-01-15,2025-01-15 06:24:00
805,51,NgheAn,6659942.0,CANCELLED,2025-07-01,2025-07-01 10:05:00
1319,130,HaiPhong,18515850.0,COMPLETED,2025-04-29,2025-04-29 08:37:00
754,82,DaNang,7869731.0,COMPLETED,2025-02-11,2025-02-11 07:34:00
2931,115,DaNang,11455717.0,CANCELLED,2025-06-24,2025-06-24 03:24:00
2742,198,HoChiMinh,284387.0,PENDING,2025-07-15,2025-07-15 16:19:00
2803,139,HoChiMinh,6461125.0,CANCELLED,2025-05-12,2025-05-12 11:33:00
2633,192,DaNang,3412911.0,PENDING,2025-02-07,2025-02-07 10:03:00
74,183,DaNang,179489.0,SHIPPING,2025-02-15,2025-02-15 10:19:00
1942,15,NgheAn,17948474.0,CANCELLED,2025-05-09,2025-05-09 16:34:00
2304,190,NgheAn,7661451.0,CANCELLED,2025-10-20,2025-10-20 07:49:00
1457,14,CanTho,17676338.0,COMPLETED,2025-01-03,2025-01-03 01:02:00
2600,116,HoChiMinh,,COMPLETED,2025-10-25,2025-10-25 22:21:00
1257,188,HaiPhong,9126681.0,CANCELLED,,2025-07-17 12:01:00
2424,56,CanTho,2122432.0,cancelled,2025-09-12,2025-09-12 12:32:00
864,54,DaNang,15641083.0,COMPLETED,,2025-07-03 06:08:00
958,184,DaNang,2550737.0,CANCELLED,2025-03-26,2025-03-26 01:17:00
765,49,NgheAn,15578393.0,CANCELLED,2025-04-09,2025-04-09 20:36:00
2212,69,HaNoi,9254959.0,SHIPPING,2025-04-22,2025-04-22 01:35:00
916,192,DaNang,8673898.0,COMPLETED,2025-08-03,2025-08-03 05:48:00
1876,183,HaiPhong,13995155.0,SHIPPING,2025-10-02,2025-10-03 05:20:00
2245,71,CanTho,18907816.0,CANCELLED,2025-01-03,2025-01-03 13:16:00
2667,39,CanTho,772598.0,PENDING,2025-05-04,2025-05-04 09:18:00
1846,108,HaNoi,12238833.0,PENDING,2025-05-28,2025-05-28 13:04:00
755,131,HaiPhong,4032039.0,PENDING,2025-07-15,2025-07-15 12:15:00
2672,80,HaNoi,19153365.0,SHIPPING,2025-05-02,2025-05-02 04:54:00
55,193,HoChiMinh,5498433.0,PENDING,2025-08-22,2025-08-22 07:36:00
1014,209,HaiPhong,1450390.0,PENDING,2025-03-28,2025-03-28 04:19:00
199,104,DaNang,-364229,SHIPPING,2025-05-23,2025-05-23 11:33:00
1483,26,DaNang,5631569.0,SHIPPING,2025-06-04,2025-06-04 04:28:00
1577,25,HaiPhong,9617237.0,COMPLETED,2025-08-11,2025-08-11 10:59:00
2218,107,NgheAn,2686950.0,SHIPPING,2025-01-17,2025-01-17 07:13:00
1612,106,HaNoi,7926801.0,SHIPPING,2025-09-30,2025-09-30 22:18:00
1360,183,NgheAn,,COMPLETED,2025-10-18,2025-10-18 07:05:00
499,158,DaNang,7113941.0,PENDING,2025-09-19,2025-09-19 05:53:00
733,61,HaNoi,1873215.0,COMPLETED,2025-04-07,2025-04-09 06:46:00
807,99,HaNoi,19342317.0,SHIPPING,2025-04-15,2025-04-15 19:49:00
481,9,HoChiMinh,11231735.0,PENDING,2025-04-28,2025-04-28 18:38:00
2053,193,HaNoi,3094512.0,PENDING,2025-08-06,2025-08-06 19:38:00
2050,129,HaiPhong,14252380.0,CANCELLED,2025-04-13,2025-04-13 04:11:00
2593,43,NgheAn,5236896.0,PENDING,2025-03-12,2025-03-12 12:44:00
2544,183,HoChiMinh,1846336.0,SHIPPING,2025-09-20,2025-09-20 22:46:00
2242,43,HaNoi,19593725.0,PENDING,2025-07-16,2025-07-16 19:42:00
1865,84,HoChiMinh,7462545.0,COMPLETED,2025-07-11,2025-07-11 22:53:00
1193,170,DaNang,8590144.0,COMPLETED,2025-05-17,2025-05-17 12:58:00
1550,121,HaNoi,19478079.0,Shipping,2025-02-15,2025-02-15 12:43:00
1294,56,HoChiMinh,12354229.0,SHIPPING,2025-01-08,2025-01-08 19:33:00
1811,302,DaNang,3758156.0,PENDING,2025-05-27,2025-05-27 23:18:00
2450,160,DaNang,18813011.0,CANCELLED,2025-09-19,2025-09-19 11:28:00
7,86,DaNang,17043095.0,SHIPPING,2025-04-16,2025-04-16 12:57:00
1825,161,HaNoi,19823707.0,SHIPPING,2025-03-21,2025-03-21 13:12:00
2083,597,HaiPhong,2076970.0,CANCELLED,2025-09-29,2025-09-29 13:12:00
582,133,HaNoi,15432265.0,CANCELLED,2025-03-25,2025-03-25 21:41:00
1767,144,HaiPhong,17455162.0,PENDING,2025-13-40,2025-04-03 04:04:00
2198,89,HaNoi,201675.0,CANCELLED,2025-06-08,2025-06-08 21:03:00
2176,130,DaNang,0,PENDING,2025-03-30,2025-03-30 10:04:00
1301,199,CanTho,,SHIPPING,2025-04-27,2025-04-27 15:30:00
486,199,HaNoi,8501909.0,PENDING,2025-08-06,2025-08-06 03:05:00
264,47,CanTho,618046.0,SHIPPING,2025-02-09,2025-02-09 01:11:00
962,57,DaNang,17012833.0,SHIPPING,2025-10-13,2025-10-13 16:08:00
970,4,NgheAn,1040683.0,PENDING,2025-03-21,2025-03-21 01:05:00
2207,103,HaNoi,4896881.0,COMPLETED,31/02/2025,2025-04-06 10:28:00
1885,117,HoChiMinh,6925714.0,COMPLETED,2025-05-29,2025-05-29 03:34:00
905,105,HaNoi,16168006.0,PENDING,2025-07-23,2025-07-23 09:35:00
919,192,CanTho,2130737.0,COMPLETED,2025-07-04,2025-07-04 20:18:00
2835,74,HoChiMinh,940741.0,CANCELLED,2025-04-26,2025-04-26 19:07:00
335,59,HaiPhong,19289958.0,COMPLETED,2025-06-22,2025-06-22 14:04:00
2959,53,HoChiMinh,-19967,SHIPPING,2025-10-07,2025-10-07 18:53:00
1931,125,DaNang,3791792.0,SHIPPING,2025-02-28,2025-02-28 04:01:00
1524,138,HoChiMinh,8803553.0,PENDING,2025-01-18,2025-01-18 01:11:00
2468,58,HaiPhong,3137457.0,Shipping,2025-04-02,2025-04-02 20:15:00
339,109,DaNang,5943879.0,COMPLETED,2025-06-10,2025-06-10 21:27:00
1020,88,HaiPhong,8953905.0,COMPLETED,2025-10-02,2025-10-02 12:31:00
1267,57,NgheAn,12021875.0,COMPLETED,2025-08-28,2025-08-28 19:26:00
2259,50,HaNoi,11392505.0,CANCELLED,2025-13-40,2025-02-28 20:33:00
763,121,HaNoi,16548214.0,CANCELLED,2025-08-26,2025-08-27 18:09:00
1074,190,HoChiMinh,9178310.0,SHIPPING,2025-07-25,2025-07-25 05:31:00
1546,10,DaNang,11422030.0,COMPLETED,2025-04-19,2025-04-19 20:56:00
2388,95,DaNang,18383146.0,PENDING,2025-06-22,2025-06-22 18:06:00
781,129,HoChiMinh,8115963.0,SHIPPING,2025-01-11,2025-01-11 10:57:00
2494,30,HaNoi,6259031.0,PENDING,2025-13-40,2025-10-10 18:38:00
2395,188,CanTho,5768050.0,SHIPPING,2025-07-10,2025-07-10 08:09:00
2889,180,CanTho,9805889.0,CANCELLED,2025-02-11,2025-02-11 23:26:00
2921,186,HaNoi,9671901.0,COMPLETED,2025-07-06,2025-07-06 14:40:00
931,151,HoChiMinh,14120424.0,COMPLETED,2025-08-11,2025-08-11 15:49:00
2018,25,CanTho,15531543.0,COMPLETED,2025-07-17,2025-07-17 16:27:00
980,166,NgheAn,13434101.0,SHIPPING,2025-10-11,2025-10-13 03:54:00
803,32,DaNang,1838354.0,SHIPPING,2025-09-29,2025-09-29 13:45:00
2446,104,HaiPhong,8838961.0,CANCELLED,2025-08-03,2025-08-03 21:19:00
2010,53,CanTho,1764867.0,SHIPPING,2025-02-01,2025-02-01 18:09:00
92,124,CanTho,5550019.0,CANCELLED,2025-06-13,2025-06-13 09:38:00
2086,8,NgheAn,19919062.0,SHIPPING,2025-05-01,2025-05-01 12:17:00
607,26,HaiPhong,18978786.0,CANCELLED,2025-08-14,2025-08-14 12:20:00
912,129,NgheAn,11242109.0,CANCELLED,2025-03-14,2025-03-14 22:54:00
616,75,HaNoi,13502419.0,CANCELLED,2025-08-03,2025-08-03 03:54:00
2989,122,DaNang,13537786.0,CANCELLED,2025-07-22,2025-07-22 07:49:00
1805,89,CanTho,12499123.0,PENDING,2025-02-02,2025-02-02 03:03:00
148,106,HaiPhong,9815898.0,PENDING,2025-10-26,2025-10-26 11:48:00
1393,92,HaNoi,797886.0,COMPLETED,2025-10-18,2025-10-18 14:15:00
2158,182,HoChiMinh,9861508.0,CANCELLED,2025-13-40,2025-10-23 14:46:00
1220,198,NgheAn,5649308.0,PENDING,2025-10-05,2025-10-05 17:18:00
299,192,HaNoi,5983470.0,COMPLETED,2025-02-28,2025-02-28 10:12:00
1944,79,DaNang,1512207.0,COMPLETED,2025-05-20,2025-05-22 14:14:00
1476,60,HaNoi,17695438.0,COMPLETED,2025-05-29,2025-05-29 19:16:00
2933,120,DaNang,12373762.0,Completed,2025-07-28,2025-07-28 22:06:00
2074,19,NgheAn,16388677.0,COMPLETED,2025-03-29,2025-03-29 11:59:00
1580,70,HaNoi,16730557.0,CANCELLED,2025-08-23,2025-08-23 19:31:00
1874,134,HaNoi,9717189.0,PENDING,2025-06-25,2025-06-25 11:24:00
95,155,HaiPhong,14479923.0,SHIPPING,2025-07-22,2025-07-22 06:34:00
983,135,DaNang,13686289.0,COMPLETED,2025-08-16,2025-08-16 17:54:00
2716,176,NgheAn,15865535.0,PENDING,2025-01-04,2025-01-04 15:12:00
1775,156,NgheAn,2212660.0,COMPLETED,2025-04-12,2025-04-12 14:07:00
985,124,HaNoi,5162134.0,CANCELLED,2025-02-22,2025-02-22 04:57:00
183,100,HaiPhong,15453001.0,SHIPPING,2025-06-10,2025-06-10 10:37:00
1615,20,HoChiMinh,18812285.0,PENDING,2025-02-26,2025-02-26 12:16:00
2202,32,HaNoi,4131646.0,CANCELLED,2025-04-11,2025-04-11 15:39:00
472,169,CanTho,18162394.0,COMPLETED,2025-09-09,2025-09-09 08:47:00
2802,64,DaNang,9258629.0,CANCELLED,2025-07-03,2025-07-03 12:42:00
1003,190,DaNang,3858692.0,COMPLETED,2025-01-07,2025-01-07 21:17:00
1051,182,HaNoi,9773422.0,SHIPPING,2025-03-23,2025-03-23 23:50:00
889,138,NgheAn,14936670.0,PENDING,2025-03-30,2025-03-30 18:19:00
2772,75,DaNang,15978169.0,COMPLETED,2025-04-28,2025-04-28 20:07:00
1988,23,HaNoi,2544698.0,PENDING,2025-09-05,2025-09-06 06:18:00
2479,7,DaNang,9864973.0,shipping,2025-02-21,2025-02-21 06:38:00
2739,64,NgheAn,12028186.0,PENDING,2025-05-15,2025-05-15 04:27:00
2850,8,NgheAn,5889306.0,SHIPPING,2025-01-03,2025-01-03 10:15:00
2273,48,CanTho,15073852.0,Shipping,2025-07-23,2025-07-23 15:46:00
2192,76,HoChiMinh,11151448.0,CANCELLED,2025-09-21,2025-09-22 07:24:00
1098,506,CanTho,9533716.0,PENDING,2025-07-22,2025-07-22 22:29:00
1021,13,NgheAn,6818848.0,COMPLETED,2025-08-20,2025-08-20 11:41:00
924,148,HoChiMinh,3690566.0,CANCELLED,2025-08-03,2025-08-03 10:40:00
2635,30,HaiPhong,5332771.0,COMPLETED,2025-05-08,2025-05-08 08:20:00
796,108,CanTho,2763465.0,CANCELLED,2025-03-31,2025-03-31 22:33:00
1913,15,DaNang,8735059.0,Completed,2025-02-04,2025-02-04 19:18:00
457,190,CanTho,13436344.0,CANCELLED,2025-04-18,2025-04-18 22:08:00
291,139,CanTho,15187391.0,SHIPPING,2025-01-31,2025-01-31 20:03:00
296,73,HaiPhong,8484242.0,PENDING,2025-03-01,2025-03-01 00:03:00
203,168,NgheAn,12841507.0,SHIPPING,2025-05-16,2025-05-16 01:13:00
523,135,HoChiMinh,2591694.0,PENDING,2025-03-07,2025-03-07 16:09:00
252,54,NgheAn,9457480.0,CANCELLED,2025-02-13,2025-02-14 14:28:00
708,149,CanTho,9743103.0,CANCELLED,2025-08-18,2025-08-18 17:46:00
2216,93,HaNoi,13143388.0,CANCELLED,2025-06-04,2025-06-04 13:07:00
1609,144,HoChiMinh,3618745.0,CANCELLED,2025-07-27,2025-07-27 05:31:00
858,149,CanTho,-60938,COMPLETED,2025-05-25,2025-05-25 05:23:00
1726,20,HoChiMinh,6713365.0,PENDING,2025-09-20,2025-09-20 17:17:00
1093,11,HoChiMinh,1031370.0,COMPLETED,2025-04-24,2025-04-24 06:07:00
2603,61,NgheAn,1469653.0,SHIPPING,2025-08-05,2025-08-05 09:51:00
2125,113,DaNang,18378689.0,CANCELLED,2025-02-01,2025-02-01 18:31:00
2063,192,HaiPhong,9800247.0,SHIPPING,2025-06-13,2025-06-13 04:20:00
2336,44,NgheAn,5876059.0,PENDING,2025-01-21,2025-01-21 10:27:00
903,175,DaNang,16165133.0,SHIPPING,2025-04-12,2025-04-12 22:09:00
1480,18,NgheAn,10995741.0,PENDING,2025-07-10,2025-07-10 05:35:00
2624,11,DaNang,0,SHIPPING,2025-03-18,2025-03-18 07:56:00
928,188,HaiPhong,10944544.0,SHIPPING,2025-10-04,2025-10-04 13:57:00
988,86,HaiPhong,17197007.0,COMPLETED,2025-05-04,2025-05-04 08:23:00
1623,93,HaNoi,16834049.0,COMPLETED,2025-05-10,2025-05-10 00:06:00
306,74,HaNoi,15385140.0,PENDING,2025-06-14,2025-06-14 23:35:00
1781,108,DaNang,2184014.0,PENDING,2025-04-30,2025-04-30 18:00:00
2660,59,HoChiMinh,9095191.0,PENDING,2025-09-18,2025-09-18 11:13:00
2128,77,HoChiMinh,12752955.0,PENDING,2025-07-29,2025-07-29 02:36:00
1295,132,HoChiMinh,13918897.0,PENDING,2025-09-09,2025-09-09 22:56:00
1437,119,DaNang,14612007.0,CANCELLED,2025-02-19,2025-02-19 04:04:00
2001,19,HoChiMinh,1119607.0,COMPLETED,2025-09-27,2025-09-27 21:09:00
38,116,HaiPhong,2058462.0,SHIPPING,2025-02-08,2025-02-08 11:41:00
21,25,HaNoi,1723205.0,COMPLETED,2025-02-25,2025-02-25 07:08:00
2213,7,HaNoi,11755571.0,SHIPPING,2025-06-17,2025-06-17 01:19:00
2724,185,HoChiMinh,15046305.0,SHIPPING,2025-13-40,2025-08-07 20:40:00
1961,228,HaiPhong,4897723.0,COMPLETED,2025-01-19,2025-01-19 13:27:00
2386,7,HaNoi,8918868.0,COMPLETED,2025-02-16,2025-02-16 12:13:00
2348,143,HoChiMinh,230376.0,CANCELLED,2025-08-27,2025-08-27 19:05:00
556,144,CanTho,19503222.0,CANCELLED,2025-09-13,2025-09-13 17:42:00
32,20,CanTho,16121478.0,PENDING,2025-09-26,2025-09-26 07:02:00
2276,16,HoChiMinh,16796848.0,PENDING,2025-05-01,2025-05-01 05:20:00
2172,22,NgheAn,2638050.0,COMPLETED,2025-05-28,2025-05-28 01:19:00
2428,4,HaNoi,16653217.0,COMPLETED,2025-04-09,2025-04-09 16:25:00
121,149,DaNang,3072999.0,SHIPPING,2025-03-17,2025-03-17 05:14:00
2722,74,NgheAn,7577041.0,COMPLETED,2025-04-08,2025-04-08 19:24:00
760,200,HoChiMinh,13803601.0,PENDING,2025-02-03,2025-02-03 07:43:00
877,112,HoChiMinh,6841559.0,PENDING,2025-05-23,2025-05-23 00:42:00
79,179,CanTho,1152917.0,SHIPPING,2025-01-24,2025-01-24 03:49:00
1627,101,HoChiMinh,4161200.0,COMPLETED,2025-05-02,2025-05-02 05:00:00
2487,154,CanTho,1165989.0,PENDING,2025-01-30,2025-01-30 22:05:00
2432,95,NgheAn,7881620.0,SHIPPING,2025-08-06,2025-08-06 08:23:00
824,103,HaNoi,756605.0,CANCELLED,2025-09-03,2025-09-03 07:30:00
1388,122,DaNang,19337405.0,PENDING,2025-08-05,2025-08-05 03:31:00
253,67,DaNang,12567627.0,COMPLETED,2025-02-28,2025-02-28 21:45:00
1242,173,HaiPhong,16973884.0,PENDING,2025-06-12,2025-06-12 15:14:00
1447,128,NgheAn,15381624.0,Completed,2025-04-23,2025-04-23 03:49:00
1786,171,CanTho,15456041.0,PENDING,2025-01-16,2025-01-16 02:32:00
1884,179,HoChiMinh,15415071.0,SHIPPING,2025-10-15,2025-10-15 16:39:00
1621,197,HaiPhong,13411574.0,PENDING,2025-08-25,2025-08-25 16:59:00
1058,153,NgheAn,-168723,SHIPPING,2025-08-02,2025-08-02 12:54:00
1519,178,NgheAn,18688391.0,SHIPPING,2025-04-03,2025-04-03 04:40:00
209,121,HaiPhong,3721392.0,COMPLETED,2025-07-11,2025-07-11 06:50:00
1093,11,HoChiMinh,7983991.0,PENDING,2025-04-24,2025-04-25 16:07:00
1588,1,HaiPhong,18834401.0,COMPLETED,2025-06-06,2025-06-06 04:35:00
2000,28,CanTho,9997809.0,SHIPPING,2025-08-07,2025-08-07 06:27:00
1765,200,HoChiMinh,7196299.0,PENDING,2025-07-06,2025-07-06 15:28:00
1355,167,HaNoi,6713711.0,SHIPPING,2025-07-27,2025-07-27 19:13:00
2620,135,NgheAn,10063198.0,SHIPPING,2025-01-18,2025-01-18 04:21:00
690,189,NgheAn,11651040.0,Shipping,2025-08-01,2025-08-01 09:03:00
1458,56,DaNang,3267616.0,PENDING,2025-05-16,2025-05-16 17:14:00
2194,4,DaNang,4513013.0,COMPLETED,2025-07-17,2025-07-17 17:52:00
2709,153,HaiPhong,11627233.0,SHIPPING,2025-01-22,2025-01-22 20:38:00
1403,149,HoChiMinh,3106242.0,PENDING,2025-05-10,2025-05-10 14:39:00
1237,126,NgheAn,17657031.0,CANCELLED,2025-02-21,2025-02-21 11:55:00
613,563,NgheAn,16779015.0,COMPLETED,2025-02-20,2025-02-20 14:15:00
2354,194,HoChiMinh,216839.0,CANCELLED,2025-08-01,2025-08-01 23:20:00
2138,28,HaNoi,18053086.0,PENDING,2025-02-08,2025-02-08 13:26:00
2364,12,HaiPhong,18635447.0,PENDING,2025-02-24,2025-02-24 15:39:00
1943,76,HaNoi,13371221.0,PENDING,2025-04-14,2025-04-14 07:09:00
837,48,DaNang,14174184.0,COMPLETED,2025-09-26,2025-09-26 13:06:00
2393,157,HaiPhong,17406369.0,SHIPPING,2025-09-23,2025-09-23 09:30:00
1613,109,CanTho,1513424.0,PENDING,2025-04-15,2025-04-15 22:54:00
562,186,HoChiMinh,8073128.0,COMPLETED,2025-01-16,2025-01-16 14:27:00
2980,84,HoChiMinh,3869336.0,PENDING,2025-01-23,2025-01-23 01:04:00
570,179,HaiPhong,11554259.0,COMPLETED,2025-04-20,2025-04-20 05:08:00
2639,7,HoChiMinh,2442562.0,SHIPPING,2025-01-26,2025-01-26 10:57:00
854,163,NgheAn,1246940.0,PENDING,2025-07-27,2025-07-27 10:15:00
2285,26,HoChiMinh,17356812.0,SHIPPING,2025-01-20,2025-01-20 10:33:00
1314,191,DaNang,0,COMPLETED,2025-02-23,2025-02-23 08:10:00
1557,96,HoChiMinh,11513081.0,CANCELLED,2025-01-18,2025-01-18 08:36:00
466,26,HaNoi,3861728.0,shipping,2025-01-16,2025-01-16 13:18:00
1601,153,HaiPhong,13066723.0,SHIPPING,2025-08-07,2025-08-07 19:54:00
1065,198,CanTho,8783426.0,SHIPPING,2025-04-08,2025-04-08 01:14:00
1959,161,HaNoi,10187056.0,CANCELLED,2025-10-21,2025-10-21 04:16:00
51,172,HaiPhong,5154643.0,CANCELLED,2025-07-15,2025-07-15 11:48:00
2228,187,HaNoi,13616437.0,PENDING,2025-09-15,2025-09-15 22:12:00
1875,142,CanTho,18132734.0,PENDING,2025-05-09,2025-05-09 02:32:00
747,2,NgheAn,2195876.0,COMPLETED,2025-03-06,2025-03-06 19:58:00
1856,61,HoChiMinh,4475342.0,PENDING,,2025-09-06 07:38:00
1624,28,HoChiMinh,11454747.0,SHIPPING,2025-06-30,2025-06-30 17:52:00
2466,139,CanTho,14539664.0,PENDING,2025-08-08,2025-08-08 07:46:00
2426,100,HoChiMinh,10717831.0,PENDING,31/02/2025,2025-05-26 13:32:00
2403,160,HaNoi,19321079.0,CANCELLED,31/02/2025,2025-04-15 22:50:00
1683,32,HaiPhong,-42650,COMPLETED,2025-08-29,2025-08-29 03:42:00
2231,6,CanTho,3847240.0,SHIPPING,2025-03-19,2025-03-21 01:57:00
2312,142,HaNoi,7819216.0,SHIPPING,31/02/2025,2025-05-22 09:51:00
471,196,HaiPhong,10757426.0,SHIPPING,2025-01-05,2025-01-05 03:34:00
384,75,CanTho,13272611.0,CANCELLED,2025-10-04,2025-10-04 05:52:00
2488,7,CanTho,7904981.0,PENDING,2025-04-28,2025-04-29 05:18:00
173,199,NgheAn,13403233.0,CANCELLED,2025-02-26,2025-02-26 16:15:00
895,186,CanTho,6666240.0,COMPLETED,2025-07-28,2025-07-28 06:27:00
1105,113,HaNoi,14950324.0,PENDING,2025-05-19,2025-05-19 08:15:00
1873,21,DaNang,17255742.0,COMPLETED,2025-08-23,2025-08-23 01:16:00
2178,91,HoChiMinh,8806993.0,COMPLETED,2025-05-25,2025-05-25 14:17:00
1869,276,HaiPhong,6881994.0,PENDING,2025-09-15,2025-09-15 10:17:00
1364,143,DaNang,9722739.0,PENDING,2025-04-01,2025-04-01 08:59:00
2703,197,HaNoi,235535.0,CANCELLED,2025-01-16,2025-01-16 12:45:00
2767,88,HaNoi,-71202,CANCELLED,2025-06-22,2025-06-22 02:51:00
213,76,CanTho,18355755.0,CANCELLED,2025-02-25,2025-02-26 05:54:00
2357,111,DaNang,19165168.0,PENDING,2025-05-31,2025-05-31 16:40:00
611,11,HaNoi,15273149.0,PENDING,2025-04-14,2025-04-14 00:13:00
1037,4,CanTho,8230237.0,COMPLETED,2025-06-03,2025-06-03 04:40:00
402,3,HaiPhong,14263460.0,PENDING,2025-02-13,2025-02-13 01:12:00
1558,164,CanTho,3959549.0,SHIPPING,2025-07-03,2025-07-03 16:51:00
1511,59,DaNang,9748175.0,CANCELLED,2025-05-05,2025-05-05 21:32:00
1656,180,HoChiMinh,15777228.0,CANCELLED,2025-01-16,2025-01-16 12:03:00
1492,119,DaNang,5473294.0,PENDING,2025-10-03,2025-10-03 23:55:00
2108,124,HoChiMinh,16373603.0,COMPLETED,2025-01-13,2025-01-13 10:30:00
1691,40,NgheAn,18163783.0,SHIPPING,2025-10-06,2025-10-06 20:19:00
2400,109,NgheAn,13930135.0,COMPLETED,2025-08-13,2025-08-13 00:12:00
563,200,HoChiMinh,8670315.0,SHIPPING,2025-03-24,2025-03-24 19:54:00
811,141,NgheAn,7450516.0,SHIPPING,2025-07-19,2025-07-19 10:40:00
2022,138,DaNang,4733950.0,COMPLETED,2025-09-20,2025-09-20 08:02:00
2597,65,NgheAn,12181326.0,SHIPPING,2025-07-31,2025-07-31 06:27:00
1848,39,HoChiMinh,,COMPLETED,2025-05-22,2025-05-22 00:16:00
2262,23,HaNoi,18956164.0,PENDING,2025-06-06,2025-06-06 23:00:00
2601,18,DaNang,6312275.0,SHIPPING,2025-02-09,2025-02-09 04:24:00
2150,82,DaNang,16794449.0,PENDING,2025-09-03,2025-09-03 08:46:00
791,39,HaiPhong,14271409.0,CANCELLED,2025-02-25,2025-02-25 21:03:00
2143,26,HoChiMinh,18901429.0,CANCELLED,2025-05-15,2025-05-15 11:55:00
381,176,HaNoi,3593644.0,PENDING,2025-05-31,2025-05-31 05:05:00
348,126,NgheAn,5351489.0,COMPLETED,2025-03-08,2025-03-08 06:05:00
1540,10,HaNoi,14432067.0,CANCELLED,2025-10-01,2025-10-01 14:10:00
67,167,HaNoi,7586965.0,CANCELLED,2025-03-04,2025-03-04 14:13:00
1157,184,CanTho,16060750.0,PENDING,2025-07-21,2025-07-21 05:43:00
354,94,NgheAn,8129628.0,CANCELLED,2025-09-22,2025-09-22 14:16:00
2254,124,NgheAn,0,PENDING,2025-09-12,2025-09-12 13:37:00
361,77,HaNoi,8313907.0,SHIPPING,2025-02-27,2025-02-27 07:12:00
725,93,NgheAn,4631663.0,SHIPPING,2025-01-10,2025-01-10 19:41:00
1678,96,HaiPhong,5648233.0,CANCELLED,2025-07-01,2025-07-01 11:15:00
2595,154,HoChiMinh,15666230.0,Cancelled,2025-09-20,2025-09-20 05:37:00
474,28,HaiPhong,9744343.0,SHIPPING,2025-05-11,2025-05-11 09:11:00
1534,15,DaNang,2237698.0,PENDING,2025-06-18,2025-06-18 05:40:00
2566,601,NgheAn,18781099.0,PENDING,2025-05-27,2025-05-27 22:54:00
2342,23,CanTho,16255670.0,PENDING,,2025-10-24 20:16:00
621,160,HaNoi,,CANCELLED,2025-07-19,2025-07-19 07:30:00
1796,114,CanTho,11825466.0,SHIPPING,2025-02-16,2025-02-16 03:26:00
2035,24,HoChiMinh,10836524.0,SHIPPING,2025-09-01,2025-09-02 17:23:00
2123,132,HaiPhong,5845001.0,PENDING,2025-08-13,2025-08-13 12:31:00
609,159,HoChiMinh,18581773.0,PENDING,2025-07-11,2025-07-11 08:10:00
2982,69,HoChiMinh,9529376.0,SHIPPING,2025-06-27,2025-06-27 15:54:00
1648,197,NgheAn,11637857.0,PENDING,2025-08-29,2025-08-29 09:26:00
800,89,HoChiMinh,3546929.0,SHIPPING,2025-05-04,2025-05-04 07:08:00
1396,139,HoChiMinh,19441036.0,PENDING,2025-07-18,2025-07-18 03:59:00
2591,55,DaNang,3631145.0,COMPLETED,2025-10-09,2025-10-09 20:54:00
1300,168,DaNang,9465076.0,PENDING,2025-02-03,2025-02-03 09:09:00
1666,142,HaNoi,1333143.0,SHIPPING,2025-10-26,2025-10-26 08:59:00
1069,82,NgheAn,2851586.0,SHIPPING,2025-06-15,2025-06-15 20:51:00
2469,48,HaiPhong,609149.0,CANCELLED,2025-10-25,2025-10-25 07:46:00
1629,21,NgheAn,4247200.0,shipping,2025-01-24,2025-01-24 19:28:00
1659,71,HaNoi,10069234.0,SHIPPING,2025-05-20,2025-05-20 08:10:00
2023,198,HoChiMinh,19992611.0,COMPLETED,2025-05-25,2025-05-25 22:46:00
955,31,CanTho,14345027.0,COMPLETED,2025-03-22,2025-03-22 23:50:00
1843,169,CanTho,2667529.0,SHIPPING,2025-09-14,2025-09-14 07:21:00
2749,158,CanTho,17870077.0,SHIPPING,2025-07-19,2025-07-19 04:10:00
2154,165,NgheAn,2609787.0,Shipping,2025-03-17,2025-03-17 23:36:00
1085,167,NgheAn,14070366.0,SHIPPING,2025-09-10,2025-09-10 23:31:00
644,61,NgheAn,-265877,SHIPPING,2025-09-03,2025-09-03 22:26:00
344,155,NgheAn,3077871.0,CANCELLED,,2025-07-15 18:32:00
592,195,CanTho,16279256.0,PENDING,2025-08-14,2025-08-14 02:13:00
473,196,HaiPhong,15692170.0,PENDING,2025-09-11,2025-09-11 22:40:00
1772,200,HaiPhong,10701814.0,COMPLETED,2025-06-18,2025-06-18 17:50:00
751,80,DaNang,14944751.0,COMPLETED,2025-06-26,2025-06-26 23:57:00
1205,44,HaNoi,7385193.0,CANCELLED,2025-08-25,2025-08-25 03:49:00
2347,51,HoChiMinh,6594423.0,CANCELLED,2025-01-20,2025-01-20 00:22:00
191,67,DaNang,1608342.0,PENDING,2025-03-12,2025-03-12 20:00:00
674,198,DaNang,7186285.0,Completed,2025-10-27,2025-10-27 02:42:00
1332,185,HaNoi,17508151.0,PENDING,2025-04-25,2025-04-25 00:55:00
822,150,DaNang,16108543.0,CANCELLED,2025-01-01,2025-01-02 08:29:00
658,93,HaiPhong,7523308.0,COMPLETED,2025-07-22,2025-07-22 01:28:00
2288,134,HoChiMinh,6079266.0,COMPLETED,2025-09-28,2025-09-28 11:04:00
2229,37,CanTho,7791806.0,COMPLETED,2025-09-04,2025-09-04 03:30:00
2024,142,CanTho,5421129.0,COMPLETED,2025-03-25,2025-03-25 17:30:00
50,6,CanTho,-346322,COMPLETED,2025-09-05,2025-09-05 12:19:00
2843,153,HaNoi,9700600.0,COMPLETED,2025-06-05,2025-06-05 14:37:00
1807,88,HaNoi,18191845.0,PENDING,2025-01-26,2025-01-26 21:57:00
2676,134,CanTho,9053794.0,CANCELLED,2025-09-26,2025-09-26 01:13:00
2099,32,CanTho,712715.0,CANCELLED,2025-09-21,2025-09-21 12:06:00
22,23,NgheAn,5371482.0,SHIPPING,2025-09-28,2025-09-28 15:32:00
82,185,HaiPhong,15185760.0,COMPLETED,2025-03-11,2025-03-11 08:11:00
816,42,HoChiMinh,17485677.0,PENDING,2025-07-02,2025-07-02 15:53:00
204,167,CanTho,3836650.0,CANCELLED,2025-07-05,2025-07-05 13:11:00
1386,97,HoChiMinh,0,COMPLETED,2025-02-02,2025-02-02 22:15:00
1569,517,HoChiMinh,6347927.0,SHIPPING,2025-06-03,2025-06-03 11:22:00
835,167,HaNoi,12825043.0,SHIPPING,2025-05-07,2025-05-07 20:58:00
1413,172,CanTho,6988784.0,PENDING,2025-08-19,2025-08-19 21:01:00
1208,4,HoChiMinh,0,COMPLETED,2025-10-06,2025-10-06 10:19:00
886,52,NgheAn,15877871.0,COMPLETED,2025-13-40,2025-02-04 22:46:00
2884,45,HaNoi,2546662.0,COMPLETED,2025-03-01,2025-03-01 10:04:00
2673,199,HaiPhong,7889737.0,CANCELLED,2025-03-04,2025-03-04 15:42:00
2780,68,DaNang,3772626.0,CANCELLED,2025-07-29,2025-07-29 05:56:00
2541,159,CanTho,16064678.0,PENDING,2025-07-28,2025-07-28 13:00:00
1830,165,HoChiMinh,14094929.0,PENDING,2025-07-08,2025-07-08 10:41:00
639,148,DaNang,4696849.0,COMPLETED,2025-06-14,2025-06-14 06:04:00
1178,28,HaiPhong,1056019.0,PENDING,2025-04-11,2025-04-11 00:35:00
445,30,NgheAn,12489724.0,COMPLETED,2025-06-04,2025-06-04 09:55:00
2026,181,CanTho,14897230.0,CANCELLED,2025-10-04,2025-10-04 05:08:00
1376,88,HoChiMinh,17716551.0,PENDING,2025-03-14,2025-03-14 15:10:00
1000,176,HoChiMinh,3368610.0,PENDING,2025-01-08,2025-01-08 13:36:00
347,76,DaNang,601249.0,COMPLETED,,2025-08-01 07:44:00
930,5,HaiPhong,5007799.0,CANCELLED,2025-08-13,2025-08-13 21:10:00
2634,69,NgheAn,10090380.0,PENDING,2025-07-13,2025-07-13 06:53:00
2814,66,HaiPhong,7820901.0,PENDING,2025-06-23,2025-06-23 16:01:00
2658,103,HaiPhong,19825967.0,COMPLETED,2025-01-15,2025-01-15 05:14:00
257,86,HaNoi,11005272.0,Shipping,2025-07-28,2025-07-28 21:33:00
2092,90,HaNoi,2730014.0,COMPLETED,2025-02-18,2025-02-18 09:45:00
2272,96,HoChiMinh,13098673.0,CANCELLED,2025-02-16,2025-02-16 20:06:00
2496,9,CanTho,1479346.0,CANCELLED,2025-05-23,2025-05-24 18:27:00
1680,24,HaNoi,0,COMPLETED,2025-09-08,2025-09-08 01:14:00
757,199,DaNang,1282863.0,CANCELLED,2025-07-27,2025-07-27 21:15:00
1278,182,NgheAn,3247635.0,CANCELLED,2025-06-06,2025-06-06 03:25:00
1288,180,HaNoi,10694402.0,PENDING,2025-06-22,2025-06-22 00:17:00
579,195,HaNoi,9121239.0,PENDING,2025-04-20,2025-04-20 08:27:00
1974,112,HoChiMinh,574101.0,PENDING,2025-04-09,2025-04-09 09:22:00
2039,168,HoChiMinh,15989799.0,PENDING,2025-04-30,2025-04-30 05:33:00
2461,200,HaNoi,8553878.0,SHIPPING,2025-10-04,2025-10-04 19:09:00
1594,14,NgheAn,7128707.0,SHIPPING,2025-01-05,2025-01-05 21:21:00
1387,182,HaiPhong,4495540.0,Completed,2025-07-17,2025-07-17 16:50:00
823,46,HaNoi,-327033,PENDING,2025-08-12,2025-08-12 01:16:00
289,133,CanTho,3613456.0,PENDING,2025-02-11,2025-02-11 22:51:00
2338,195,NgheAn,5359138.0,PENDING,2025-03-21,2025-03-21 18:08:00
2532,188,DaNang,10890773.0,COMPLETED,2025-03-09,2025-03-09 00:26:00
469,43,NgheAn,17445751.0,SHIPPING,2025-03-08,2025-03-08 10:09:00
2930,132,CanTho,2134325.0,PENDING,2025-05-02,2025-05-02 16:37:00
901,195,CanTho,13200338.0,PENDING,2025-07-26,2025-07-26 20:12:00
2177,65,CanTho,10446633.0,COMPLETED,2025-02-25,2025-02-25 01:50:00
1155,149,HaiPhong,2733128.0,PENDING,2025-05-29,2025-05-29 20:10:00
1904,82,HoChiMinh,15022226.0,PENDING,2025-08-31,2025-08-31 14:53:00
1289,1,DaNang,9510956.0,COMPLETED,2025-01-03,2025-01-05 15:30:00
1064,70,DaNang,14829016.0,SHIPPING,2025-01-05,2025-01-05 14:49:00
2196,60,DaNang,14512589.0,completed,2025-07-02,2025-07-02 09:20:00
717,25,HaNoi,19054829.0,PENDING,2025-08-25,2025-08-25 18:45:00
1320,85,DaNang,3035525.0,PENDING,2025-02-13,2025-02-13 11:52:00
1130,5,NgheAn,2925904.0,CANCELLED,2025-03-02,2025-03-02 13:55:00
48,46,CanTho,2507405.0,PENDING,2025-08-31,2025-08-31 22:51:00
552,36,HaNoi,9688100.0,CANCELLED,2025-03-17,2025-03-17 02:14:00
2096,96,HaiPhong,132734.0,PENDING,,2025-05-05 04:24:00
2808,67,CanTho,12123579.0,COMPLETED,2025-03-17,2025-03-17 06:20:00
2626,158,HaiPhong,6714995.0,SHIPPING,2025-08-02,2025-08-02 13:36:00
2392,153,HaNoi,,PENDING,2025-04-10,2025-04-10 19:14:00
1581,149,HaiPhong,2330684.0,PENDING,2025-05-27,2025-05-27 14:47:00
637,188,HaiPhong,5107650.0,COMPLETED,2025-07-10,2025-07-10 20:34:00
651,17,HaNoi,7657983.0,COMPLETED,2025-06-18,2025-06-18 15:20:00
1562,153,HaiPhong,6233541.0,CANCELLED,2025-10-17,2025-10-17 20:20:00
1791,198,NgheAn,9214949.0,SHIPPING,2025-06-25,2025-06-25 12:20:00
1479,169,HoChiMinh,4357115.0,PENDING,2025-01-17,2025-01-17 21:50:00
116,112,CanTho,18100314.0,COMPLETED,2025-07-22,2025-07-22 09:18:00
407,177,CanTho,16256549.0,CANCELLED,2025-13-40,2025-07-31 15:06:00
410,66,DaNang,13412095.0,PENDING,2025-08-31,2025-08-31 07:53:00
2332,155,CanTho,11196211.0,COMPLETED,2025-04-14,2025-04-14 16:40:00
238,177,HoChiMinh,6313921.0,COMPLETED,2025-06-05,2025-06-05 11:21:00
1235,83,CanTho,4035378.0,COMPLETED,2025-05-03,2025-05-03 00:06:00
117,23,HaiPhong,137624.0,Pending,2025-02-21,2025-02-21 12:49:00
477,25,CanTho,7936890.0,COMPLETED,2025-02-18,2025-02-18 23:04:00
400,651,HaiPhong,1042249.0,PENDING,2025-01-05,2025-01-05 10:55:00
1998,177,CanTho,13700947.0,PENDING,2025-02-10,2025-02-10 05:53:00
923,199,HaNoi,15207511.0,COMPLETED,2025-09-05,2025-09-05 18:47:00
1812,185,HaiPhong,9849767.0,SHIPPING,2025-07-18,2025-07-19 05:03:00
1407,39,HoChiMinh,4977079.0,CANCELLED,2025-02-24,2025-02-24 07:01:00
2316,146,DaNang,11013793.0,COMPLETED,2025-01-05,2025-01-05 12:34:00
1271,61,CanTho,7383333.0,CANCELLED,31/02/2025,2025-01-21 10:21:00
1225,132,HoChiMinh,19653690.0,PENDING,2025-10-10,2025-10-10 00:03:00
1076,36,HoChiMinh,14179258.0,SHIPPING,2025-05-07,2025-05-07 22:38:00
937,55,HaNoi,2874832.0,SHIPPING,2025-03-07,2025-03-07 04:42:00
2550,98,DaNang,-78039,CANCELLED,2025-07-20,2025-07-20 16:54:00
1967,50,HoChiMinh,14287037.0,SHIPPING,2025-05-06,2025-05-06 06:09:00
2755,213,HaNoi,18385883.0,SHIPPING,2025-10-08,2025-10-08 08:39:00
1676,27,HoChiMinh,-329923,COMPLETED,2025-09-13,2025-09-13 20:14:00
2831,34,HoChiMinh,3823417.0,SHIPPING,2025-10-05,2025-10-05 06:53:00
1112,114,HoChiMinh,13780462.0,CANCELLED,2025-07-11,2025-07-11 07:03:00
2915,101,HaiPhong,15705205.0,PENDING,,2025-08-02 16:54:00
1171,178,HaiPhong,13084747.0,CANCELLED,2025-09-23,2025-09-23 13:50:00
139,152,HaiPhong,19923055.0,COMPLETED,2025-07-24,2025-07-24 19:23:00
2225,110,HaNoi,12562139.0,CANCELLED,2025-01-12,2025-01-12 22:57:00
738,171,DaNang,3308264.0,CANCELLED,2025-03-30,2025-03-30 08:46:00
194,40,HaiPhong,11619599.0,PENDING,2025-10-02,2025-10-02 11:07:00
810,469,HoChiMinh,1093843.0,PENDING,2025-06-04,2025-06-04 10:21:00
1212,36,HaNoi,10677999.0,CANCELLED,2025-05-24,2025-05-24 22:39:00
1514,193,CanTho,9918255.0,SHIPPING,2025-08-18,2025-08-18 09:56:00
1600,532,HaNoi,16260954.0,SHIPPING,2025-03-11,2025-03-11 22:46:00
2693,112,CanTho,7547339.0,COMPLETED,2025-10-21,2025-10-21 05:53:00
2069,142,HaNoi,3078573.0,COMPLETED,2025-08-10,2025-08-10 06:59:00
2825,182,DaNang,188935.0,COMPLETED,31/02/2025,2025-06-05 20:56:00
942,4,HoChiMinh,131490.0,SHIPPING,2025-02-13,2025-02-13 01:14:00
2698,50,HaNoi,,COMPLETED,2025-05-31,2025-05-31 01:10:00
2879,193,NgheAn,12832476.0,SHIPPING,2025-07-05,2025-07-05 19:02:00
1011,162,NgheAn,10302186.0,COMPLETED,2025-09-28,2025-09-28 17:22:00
305,125,NgheAn,11158960.0,Shipping,2025-03-31,2025-03-31 05:04:00
2464,62,HaNoi,1815442.0,COMPLETED,2025-06-02,2025-06-04 12:30:00
2186,52,HaNoi,13012731.0,PENDING,2025-03-12,2025-03-12 17:06:00
2562,486,HaiPhong,15463821.0,COMPLETED,2025-01-02,2025-01-02 03:45:00
2519,150,HaNoi,13465042.0,CANCELLED,2025-13-40,2025-04-29 15:08:00
1603,43,NgheAn,15292613.0,COMPLETED,2025-10-01,2025-10-01 03:35:00
676,177,NgheAn,6883105.0,shipping,2025-08-24,2025-08-24 13:11:00
1761,155,HaNoi,4779251.0,SHIPPING,2025-08-08,2025-08-08 02:20:00
1241,177,CanTho,7916475.0,SHIPPING,2025-04-28,2025-04-28 21:12:00
2846,33,HaNoi,14803032.0,PENDING,31/02/2025,2025-09-16 12:44:00
184,189,DaNang,15248686.0,SHIPPING,2025-09-19,2025-09-19 01:30:00
1872,155,CanTho,5627541.0,COMPLETED,2025-03-17,2025-03-17 13:46:00
2289,165,DaNang,16438287.0,Cancelled,2025-08-25,2025-08-25 10:47:00
467,13,HaiPhong,3709334.0,SHIPPING,2025-08-21,2025-08-21 23:36:00
1541,211,NgheAn,14302084.0,SHIPPING,2025-10-15,2025-10-15 09:16:00
2115,14,CanTho,857836.0,PENDING,2025-06-14,2025-06-14 10:58:00
600,98,HaiPhong,7949726.0,CANCELLED,2025-09-25,2025-09-25 01:47:00
1636,529,DaNang,880708.0,PENDING,2025-10-01,2025-10-01 12:20:00
2310,134,CanTho,16596489.0,CANCELLED,2025-07-09,2025-07-09 12:40:00
700,14,HaiPhong,6196153.0,PENDING,2025-09-22,2025-09-22 06:18:00
1459,134,HoChiMinh,11886136.0,COMPLETED,2025-09-28,2025-09-28 04:08:00
2751,67,HaiPhong,14970709.0,SHIPPING,2025-05-02,2025-05-02 18:37:00
2162,138,HaiPhong,0,CANCELLED,2025-06-02,2025-06-02 01:53:00
2819,52,NgheAn,16486720.0,COMPLETED,2025-03-15,2025-03-15 15:26:00
444,189,HaiPhong,2199766.0,SHIPPING,2025-08-20,2025-08-21 22:27:00
789,392,HaiPhong,4351761.0,CANCELLED,2025-10-16,2025-10-16 11:35:00
41,118,DaNang,1870409.0,COMPLETED,2025-04-13,2025-04-13 19:02:00
1463,121,HoChiMinh,2347474.0,SHIPPING,,2025-08-09 12:53:00
2157,195,HaNoi,14443669.0,CANCELLED,2025-09-22,2025-09-22 08:19:00
932,69,DaNang,13788620.0,SHIPPING,2025-02-08,2025-02-08 22:15:00
2324,29,HaNoi,8186332.0,CANCELLED,2025-10-27,2025-10-27 20:09:00
1602,121,DaNang,,SHIPPING,2025-05-04,2025-05-04 15:35:00
2438,11,HaNoi,18218566.0,cancelled,2025-01-17,2025-01-17 01:26:00
1925,73,CanTho,1420870.0,PENDING,2025-04-13,2025-04-13 06:26:00
1019,83,HoChiMinh,5927139.0,CANCELLED,2025-04-01,2025-04-01 12:50:00
235,76,DaNang,14818893.0,SHIPPING,2025-08-22,2025-08-22 14:47:00
300,126,HoChiMinh,5867665.0,CANCELLED,2025-03-26,2025-03-26 01:37:00
2948,164,HoChiMinh,9278365.0,CANCELLED,2025-01-31,2025-01-31 13:29:00
1078,91,CanTho,13251322.0,Pending,2025-02-08,2025-02-08 10:12:00
1440,44,NgheAn,12989410.0,SHIPPING,2025-09-04,2025-09-04 10:46:00
2908,31,HoChiMinh,2765262.0,COMPLETED,2025-08-24,2025-08-24 21:54:00
787,119,CanTho,11750250.0,SHIPPING,2025-01-03,2025-01-03 10:36:00
946,12,HaiPhong,,PENDING,2025-03-19,2025-03-19 00:43:00
1685,119,HaNoi,12000987.0,SHIPPING,2025-01-26,2025-01-26 01:18:00
1124,106,HaNoi,8918992.0,PENDING,2025-04-15,2025-04-15 15:26:00
241,85,CanTho,12690208.0,Completed,2025-04-05,2025-04-05 01:17:00
542,121,NgheAn,12278824.0,PENDING,2025-03-01,2025-03-01 21:36:00
56,385,HoChiMinh,2325096.0,CANCELLED,2025-07-05,2025-07-05 18:14:00
219,185,NgheAn,14183943.0,PENDING,2025-10-27,2025-10-27 14:56:00
2643,134,CanTho,12298126.0,PENDING,2025-05-14,2025-05-14 09:10:00
813,181,HaiPhong,14778429.0,COMPLETED,2025-06-19,2025-06-19 22:05:00
1407,39,HoChiMinh,2486382.0,PENDING,2025-02-24,2025-02-24 17:01:00
995,146,HoChiMinh,17999926.0,COMPLETED,2025-07-21,2025-07-21 01:15:00
1849,175,NgheAn,1886452.0,CANCELLED,2025-09-21,2025-09-21 15:08:00
952,108,NgheAn,2949096.0,PENDING,2025-01-21,2025-01-21 02:45:00
1102,83,DaNang,4887636.0,COMPLETED,2025-01-09,2025-01-09 21:40:00
1754,73,HaNoi,8839586.0,PENDING,2025-09-25,2025-09-25 17:20:00
1269,62,NgheAn,12810015.0,PENDING,2025-08-27,2025-08-27 21:34:00
2299,106,NgheAn,-321703,COMPLETED,2025-10-25,2025-10-25 21:03:00
2992,161,HaNoi,8189850.0,SHIPPING,2025-09-20,2025-09-20 00:39:00
186,107,HoChiMinh,,CANCELLED,2025-02-10,2025-02-10 21:46:00
1493,184,NgheAn,9740336.0,SHIPPING,2025-03-19,2025-03-19 03:40:00
1022,100,NgheAn,9961763.0,COMPLETED,2025-02-20,2025-02-20 23:49:00
1186,65,HaNoi,226674.0,SHIPPING,2025-10-16,2025-10-16 07:56:00
945,176,CanTho,3053238.0,CANCELLED,31/02/2025,2025-08-20 12:00:00
1699,10,HaNoi,9070845.0,COMPLETED,2025-06-10,2025-06-10 12:39:00
1735,109,CanTho,8902376.0,PENDING,2025-04-01,2025-04-01 03:03:00
2501,170,CanTho,3445427.0,SHIPPING,2025-01-14,2025-01-14 16:51:00
1839,110,DaNang,-26386,PENDING,2025-06-08,2025-06-08 19:25:00
2826,72,CanTho,13262232.0,SHIPPING,2025-08-04,2025-08-04 19:27:00
1840,87,CanTho,-69154,SHIPPING,2025-06-15,2025-06-15 12:47:00
2873,8,DaNang,8497864.0,CANCELLED,,2025-07-30 14:42:00
1389,186,DaNang,1667516.0,SHIPPING,2025-05-24,2025-05-24 19:02:00
1945,190,HaNoi,9411466.0,COMPLETED,2025-02-06,2025-02-06 16:20:00
1430,27,CanTho,11851429.0,COMPLETED,2025-10-27,2025-10-27 10:28:00
2217,40,NgheAn,19801536.0,CANCELLED,2025-05-24,2025-05-24 23:57:00
1740,184,NgheAn,16896628.0,SHIPPING,2025-05-30,2025-05-30 02:17:00
2261,103,DaNang,15819026.0,SHIPPING,2025-06-13,2025-06-13 12:16:00
433,75,DaNang,5912146.0,PENDING,2025-04-09,2025-04-09 04:42:00
2420,121,HaNoi,13390794.0,CANCELLED,2025-06-15,2025-06-15 23:32:00
2109,11,HaiPhong,4349536.0,SHIPPING,2025-01-07,2025-01-07 02:00:00
2886,87,HoChiMinh,8991630.0,SHIPPING,2025-08-25,2025-08-25 12:14:00
2733,156,HoChiMinh,11180178.0,COMPLETED,2025-01-07,2025-01-07 16:12:00
2696,131,CanTho,14288982.0,Pending,2025-02-12,2025-02-12 00:09:00
845,33,HaiPhong,-477219,COMPLETED,2025-06-06,2025-06-06 18:05:00
316,92,NgheAn,3627064.0,SHIPPING,2025-04-26,2025-04-26 18:42:00
694,141,HoChiMinh,3594117.0,SHIPPING,2025-03-17,2025-03-17 06:46:00
2278,139,HoChiMinh,11164131.0,SHIPPING,2025-02-11,2025-02-11 16:44:00
1293,180,CanTho,6923626.0,COMPLETED,2025-01-10,2025-01-10 00:50:00
193,154,HoChiMinh,19269163.0,CANCELLED,2025-08-22,2025-08-22 05:12:00
1655,67,HaNoi,5225472.0,CANCELLED,2025-08-04,2025-08-04 08:02:00
366,11,HaNoi,10718250.0,SHIPPING,2025-10-23,2025-10-23 00:26:00
94,73,CanTho,6363125.0,COMPLETED,2025-03-27,2025-03-27 11:54:00
2369,157,DaNang,8023984.0,SHIPPING,2025-09-28,2025-09-28 05:36:00
2914,9,HoChiMinh,114339.0,CANCELLED,2025-04-28,2025-04-28 00:13:00
2290,43,CanTho,12619358.0,CANCELLED,2025-07-24,2025-07-24 17:32:00
2211,71,CanTho,8408702.0,COMPLETED,2025-06-08,2025-06-08 20:49:00
1291,33,NgheAn,17223278.0,CANCELLED,2025-10-28,2025-10-28 16:40:00
301,5,HoChiMinh,18162065.0,COMPLETED,2025-02-14,2025-02-14 11:26:00
2645,180,NgheAn,17986356.0,SHIPPING,2025-03-11,2025-03-11 15:16:00
282,8,HaNoi,8845380.0,PENDING,2025-01-29,2025-01-29 23:39:00
180,129,NgheAn,8308717.0,PENDING,2025-08-25,2025-08-25 21:02:00
2068,104,HaNoi,16131993.0,COMPLETED,2025-07-31,2025-07-31 03:24:00
2145,180,DaNang,12854423.0,COMPLETED,2025-07-10,2025-07-10 14:04:00
1181,80,HaNoi,2141281.0,PENDING,2025-07-12,2025-07-12 22:57:00
1357,118,CanTho,3950105.0,PENDING,2025-08-20,2025-08-20 13:01:00
1416,59,DaNang,11895354.0,PENDING,2025-10-13,2025-10-13 22:59:00
812,102,NgheAn,4585978.0,CANCELLED,2025-09-28,2025-09-28 01:53:00
2631,86,NgheAn,18971270.0,SHIPPING,2025-10-02,2025-10-02 21:25:00
2444,36,NgheAn,0,COMPLETED,2025-03-06,2025-03-06 17:01:00
2185,121,NgheAn,12273895.0,PENDING,2025-07-06,2025-07-07 07:52:00
2849,70,NgheAn,18639824.0,COMPLETED,2025-05-31,2025-05-31 10:45:00
561,115,CanTho,10208396.0,CANCELLED,2025-01-25,2025-01-25 19:11:00
2939,189,DaNang,14597152.0,CANCELLED,2025-08-05,2025-08-05 21:01:00
1056,51,HaiPhong,13543793.0,CANCELLED,2025-06-28,2025-06-28 09:56:00
265,124,HaiPhong,10812082.0,COMPLETED,2025-03-31,2025-03-31 03:49:00
255,98,NgheAn,18089649.0,CANCELLED,2025-08-07,2025-08-07 10:33:00
1289,1,DaNang,6181761.0,SHIPPING,2025-01-03,2025-01-03 20:30:00
2650,163,NgheAn,15612317.0,CANCELLED,2025-08-31,2025-08-31 02:13:00
1578,42,DaNang,7891364.0,PENDING,2025-02-07,2025-02-07 00:23:00
681,125,HaNoi,9033248.0,COMPLETED,2025-10-04,2025-10-04 06:29:00
1905,9,HoChiMinh,5141130.0,COMPLETED,2025-01-06,2025-01-06 14:43:00
1809,169,DaNang,17088359.0,PENDING,2025-02-28,2025-02-28 16:14:00
2863,178,NgheAn,14701318.0,COMPLETED,2025-06-20,2025-06-20 08:21:00
1725,284,HaNoi,1774203.0,COMPLETED,2025-04-11,2025-04-11 02:15:00
747,2,NgheAn,15242822.0,CANCELLED,2025-03-06,2025-03-06 13:58:00
215,105,HaNoi,15584209.0,SHIPPING,2025-01-01,2025-01-02 13:26:00
443,179,HaiPhong,4388651.0,SHIPPING,2025-04-04,2025-04-04 08:40:00
2998,40,CanTho,9362069.0,COMPLETED,2025-10-19,2025-10-19 11:01:00
1013,158,DaNang,10021996.0,SHIPPING,2025-05-14,2025-05-14 03:38:00
1935,78,HoChiMinh,19821649.0,CANCELLED,2025-13-40,2025-02-11 01:17:00
2830,198,CanTho,11345839.0,PENDING,2025-07-27,2025-07-27 10:23:00
949,177,HaNoi,16432572.0,CANCELLED,2025-04-03,2025-04-03 06:57:00
2192,76,HoChiMinh,7026304.0,CANCELLED,2025-09-21,2025-09-21 02:24:00
2865,147,DaNang,7906082.0,COMPLETED,2025-04-29,2025-04-29 07:27:00
1657,52,NgheAn,11969753.0,COMPLETED,2025-06-13,2025-06-13 06:54:00
83,17,HoChiMinh,17491980.0,SHIPPING,2025-02-07,2025-02-07 07:27:00
1969,204,NgheAn,8142069.0,PENDING,2025-08-28,2025-08-28 15:11:00
1100,12,HoChiMinh,14322788.0,SHIPPING,2025-04-06,2025-04-06 10:30:00
76,119,HaNoi,4668927.0,CANCELLED,2025-10-28,2025-10-28 17:50:00
2236,68,NgheAn,-386020,CANCELLED,2025-08-06,2025-08-06 05:40:00
580,49,DaNang,13626079.0,PENDING,2025-01-24,2025-01-24 01:02:00
1431,78,HaiPhong,2322650.0,PENDING,2025-07-24,2025-07-24 04:30:00
1773,79,CanTho,16334692.0,PENDING,2025-08-05,2025-08-05 11:00:00
1384,14,NgheAn,10550287.0,SHIPPING,2025-04-07,2025-04-07 11:54:00
1026,177,NgheAn,-102163,SHIPPING,2025-02-10,2025-02-10 19:27:00
762,146,NgheAn,6957252.0,COMPLETED,2025-04-22,2025-04-22 03:12:00
2828,41,HaNoi,5555343.0,CANCELLED,2025-02-08,2025-02-08 03:50:00
174,130,HaiPhong,8034485.0,CANCELLED,2025-08-24,2025-08-24 23:07:00
1213,16,NgheAn,18012613.0,PENDING,2025-03-25,2025-03-25 01:01:00
2370,136,HoChiMinh,18372738.0,PENDING,2025-03-18,2025-03-18 06:51:00
360,117,CanTho,10660390.0,PENDING,2025-08-31,2025-08-31 06:53:00
1474,18,HoChiMinh,11645685.0,PENDING,2025-09-25,2025-09-25 22:29:00
2340,28,HaiPhong,14208519.0,PENDING,2025-02-22,2025-02-22 05:48:00
2130,127,DaNang,13912053.0,CANCELLED,2025-04-28,2025-04-28 09:18:00
2313,124,HoChiMinh,12349729.0,CANCELLED,2025-09-05,2025-09-05 05:19:00
2268,127,HaNoi,19203677.0,SHIPPING,2025-10-13,2025-10-13 15:18:00
27,74,NgheAn,5902246.0,CANCELLED,2025-06-09,2025-06-09 07:26:00
460,95,HoChiMinh,18188135.0,PENDING,2025-01-05,2025-01-05 21:18:00
769,87,DaNang,12968741.0,SHIPPING,2025-09-06,2025-09-06 01:24:00
1103,178,HaNoi,14251510.0,CANCELLED,2025-08-29,2025-08-29 17:57:00
2902,46,HaNoi,19191894.0,SHIPPING,2025-01-02,2025-01-02 07:18:00
2611,44,HaiPhong,3655794.0,PENDING,2025-09-02,2025-09-02 03:58:00
127,110,HaNoi,11400140.0,CANCELLED,2025-04-20,2025-04-20 18:46:00
1944,79,DaNang,4833840.0,SHIPPING,2025-05-20,2025-05-20 20:14:00
1693,194,HaNoi,9709898.0,COMPLETED,2025-06-04,2025-06-04 16:22:00
1774,118,DaNang,0,PENDING,2025-04-02,2025-04-02 20:52:00
1243,36,HoChiMinh,2987630.0,SHIPPING,2025-06-23,2025-06-25 04:35:00
966,145,HaNoi,6534995.0,PENDING,2025-08-11,2025-08-11 15:07:00
1996,23,HaNoi,5332915.0,SHIPPING,2025-02-22,2025-02-22 11:30:00
953,570,HaiPhong,13477592.0,PENDING,2025-02-05,2025-02-05 13:00:00
1827,170,CanTho,5336490.0,SHIPPING,2025-08-01,2025-08-01 13:23:00
86,130,HoChiMinh,810263.0,SHIPPING,2025-03-28,2025-03-28 16:38:00
722,88,HaiPhong,3198372.0,CANCELLED,2025-01-08,2025-01-08 15:29:00
424,15,DaNang,7181881.0,COMPLETED,2025-10-24,2025-10-24 00:28:00
2710,342,DaNang,8711599.0,COMPLETED,2025-10-26,2025-10-26 08:08:00
510,154,NgheAn,17520987.0,COMPLETED,2025-03-27,2025-03-27 00:01:00
2056,123,NgheAn,14645388.0,PENDING,2025-05-06,2025-05-06 03:04:00
1777,16,HoChiMinh,12344661.0,PENDING,2025-03-24,2025-03-24 11:00:00
2719,40,DaNang,13893893.0,CANCELLED,2025-02-04,2025-02-04 09:11:00
11,200,HoChiMinh,14095095.0,COMPLETED,2025-04-09,2025-04-09 08:56:00
653,90,CanTho,6957652.0,COMPLETED,2025-01-01,2025-01-01 23:34:00
505,165,NgheAn,18279459.0,COMPLETED,2025-08-14,2025-08-14 02:39:00
567,86,DaNang,19700293.0,CANCELLED,2025-07-08,2025-07-08 09:04:00
8,154,NgheAn,786683.0,CANCELLED,,2025-09-16 20:50:00
35,257,NgheAn,15630798.0,SHIPPING,2025-03-23,2025-03-23 12:01:00
565,130,HaiPhong,2735236.0,COMPLETED,2025-01-26,2025-01-26 02:29:00
961,44,HaNoi,13547306.0,CANCELLED,2025-10-15,2025-10-15 14:35:00
2665,23,HoChiMinh,4203643.0,COMPLETED,2025-09-15,2025-09-15 14:47:00
2436,40,HoChiMinh,6972051.0,SHIPPING,2025-03-15,2025-03-15 04:12:00
2956,14,DaNang,3533423.0,SHIPPING,2025-02-06,2025-02-06 03:52:00
2065,88,DaNang,16240587.0,SHIPPING,2025-03-22,2025-03-22 20:54:00
1094,84,HoChiMinh,10938588.0,CANCELLED,2025-05-16,2025-05-16 10:49:00
2341,151,DaNang,13095115.0,SHIPPING,2025-02-24,2025-02-24 03:11:00
2946,130,HaNoi,4063993.0,PENDING,2025-02-08,2025-02-08 04:08:00
2981,107,CanTho,1479138.0,shipping,2025-10-07,2025-10-07 02:12:00
665,165,HoChiMinh,18745048.0,PENDING,2025-05-13,2025-05-13 22:10:00
2779,44,NgheAn,8578152.0,PENDING,2025-09-11,2025-09-11 11:00:00
1343,37,HaNoi,15438179.0,CANCELLED,2025-05-05,2025-05-05 07:11:00
2381,161,HaiPhong,15059408.0,SHIPPING,2025-04-05,2025-04-05 03:06:00
53,60,HoChiMinh,2873351.0,PENDING,2025-07-29,2025-07-29 11:58:00
1201,29,NgheAn,16713495.0,PENDING,2025-07-16,2025-07-16 15:50:00
1448,5,DaNang,8927498.0,CANCELLED,2025-07-27,2025-07-27 13:50:00
2427,53,CanTho,6313116.0,SHIPPING,2025-03-17,2025-03-17 08:09:00
1265,60,HaiPhong,4463107.0,SHIPPING,2025-03-20,2025-03-20 22:55:00
2993,41,HaNoi,9693990.0,pending,2025-05-27,2025-05-27 04:27:00
2352,123,NgheAn,5698863.0,CANCELLED,2025-10-18,2025-10-18 00:37:00
422,69,DaNang,6244930.0,PENDING,2025-05-07,2025-05-07 05:21:00
766,108,NgheAn,11569107.0,PENDING,2025-06-25,2025-06-25 21:37:00
2901,86,HoChiMinh,1534361.0,SHIPPING,2025-10-19,2025-10-19 18:30:00
476,44,NgheAn,14323780.0,PENDING,2025-08-16,2025-08-16 21:05:00
1436,31,HaNoi,11828070.0,COMPLETED,2025-10-27,2025-10-27 07:54:00
1776,188,NgheAn,11515064.0,SHIPPING,2025-02-26,2025-02-26 00:02:00
1620,14,HaNoi,414960.0,CANCELLED,2025-05-31,2025-05-31 20:06:00
2140,36,HoChiMinh,-68161,COMPLETED,2025-02-05,2025-02-05 04:08:00
824,103,HaNoi,7948981.0,SHIPPING,2025-09-03,2025-09-03 00:30:00
39,143,CanTho,15138856.0,CANCELLED,2025-02-13,2025-02-13 10:10:00
1835,175,HaNoi,8068105.0,COMPLETED,2025-04-24,2025-04-24 10:40:00
19,96,HaNoi,8256036.0,PENDING,2025-09-21,2025-09-21 10:36:00
396,70,HoChiMinh,0,COMPLETED,2025-08-20,2025-08-20 22:27:00
2459,28,HoChiMinh,19214037.0,PENDING,2025-01-25,2025-01-25 06:16:00
2523,84,NgheAn,7974116.0,CANCELLED,,2025-07-09 17:16:00
836,110,HaNoi,5691251.0,SHIPPING,2025-03-20,2025-03-20 13:08:00
1047,98,CanTho,12873493.0,SHIPPING,2025-13-40,2025-08-15 08:37:00
2941,44,DaNang,18763741.0,COMPLETED,,2025-01-17 08:58:00
635,101,NgheAn,6887426.0,SHIPPING,2025-04-06,2025-04-06 10:35:00
1771,1,DaNang,10072474.0,PENDING,2025-03-09,2025-03-09 15:34:00
2139,85,HoChiMinh,1676351.0,PENDING,2025-02-21,2025-02-21 10:58:00
2577,52,DaNang,11063195.0,SHIPPING,2025-08-06,2025-08-08 00:01:00
1617,64,HoChiMinh,10092775.0,PENDING,2025-03-03,2025-03-03 20:52:00
31,139,HaNoi,13303482.0,SHIPPING,2025-10-18,2025-10-18 15:17:00
2573,178,CanTho,14584017.0,CANCELLED,2025-06-12,2025-06-12 15:59:00
1035,129,HaNoi,1274904.0,CANCELLED,2025-06-09,2025-06-09 06:04:00
808,143,CanTho,8546833.0,CANCELLED,2025-01-02,2025-01-02 07:28:00
2862,178,NgheAn,9845591.0,PENDING,2025-09-17,2025-09-17 09:37:00
2556,82,HaNoi,979398.0,COMPLETED,2025-06-01,2025-06-01 15:44:00
1760,158,HaiPhong,7793890.0,PENDING,2025-10-24,2025-10-24 05:34:00
1919,70,CanTho,10286480.0,PENDING,2025-04-10,2025-04-10 16:17:00
1647,150,DaNang,9831414.0,CANCELLED,2025-06-24,2025-06-24 17:40:00
1031,119,DaNang,119995.0,CANCELLED,2025-09-11,2025-09-11 22:29:00
66,174,NgheAn,6829099.0,SHIPPING,2025-02-05,2025-02-05 18:03:00
631,167,HaNoi,2453567.0,PENDING,2025-06-12,2025-06-12 10:25:00
2706,129,NgheAn,16204709.0,COMPLETED,2025-01-01,2025-01-01 21:41:00
2114,175,HaiPhong,16635582.0,Pending,2025-02-10,2025-02-10 18:52:00
1173,77,CanTho,15875873.0,COMPLETED,2025-05-17,2025-05-17 08:52:00
2806,48,HoChiMinh,17179023.0,SHIPPING,2025-03-25,2025-03-25 09:11:00
2318,16,HaNoi,18425865.0,COMPLETED,2025-02-22,2025-02-22 06:13:00
1354,135,HaNoi,6613103.0,COMPLETED,2025-02-04,2025-02-04 12:28:00
1196,70,HaiPhong,12547077.0,Cancelled,2025-06-15,2025-06-15 10:14:00
1,109,HoChiMinh,13873317.0,PENDING,2025-09-26,2025-09-26 08:59:00
417,160,DaNang,8222669.0,PENDING,2025-03-17,2025-03-17 14:01:00
2744,108,HaiPhong,18026994.0,SHIPPING,2025-03-25,2025-03-25 18:06:00
2817,81,CanTho,11418849.0,PENDING,2025-04-28,2025-04-28 13:59:00
447,29,HaiPhong,1977362.0,SHIPPING,2025-02-07,2025-02-08 22:36:00
2133,163,DaNang,19780117.0,SHIPPING,2025-10-20,2025-10-20 21:29:00
58,120,NgheAn,13344507.0,PENDING,2025-04-08,2025-04-08 11:31:00
1036,57,CanTho,18763427.0,CANCELLED,2025-03-25,2025-03-25 23:30:00
258,88,DaNang,7909736.0,COMPLETED,2025-03-16,2025-03-16 13:01:00
1016,101,HaNoi,4467653.0,SHIPPING,2025-07-22,2025-07-22 17:41:00
2885,671,NgheAn,5102733.0,PENDING,2025-08-19,2025-08-19 12:31:00
2735,74,HaiPhong,5167938.0,COMPLETED,2025-06-28,2025-06-28 08:39:00
362,169,HaNoi,18701518.0,PENDING,2025-05-03,2025-05-03 06:13:00
75,12,CanTho,6971484.0,SHIPPING,,2025-07-02 00:47:00
404,182,DaNang,14623061.0,PENDING,2025-04-25,2025-04-25 22:45:00
2421,117,NgheAn,14480365.0,CANCELLED,2025-03-26,2025-03-26 08:57:00
249,74,DaNang,19242652.0,PENDING,2025-02-25,2025-02-25 04:16:00
1971,76,DaNang,14977390.0,CANCELLED,2025-09-15,2025-09-15 13:32:00
2104,66,HaiPhong,3082454.0,PENDING,2025-08-05,2025-08-05 13:00:00
1797,146,HaNoi,5008426.0,SHIPPING,2025-07-11,2025-07-11 14:53:00
525,111,NgheAn,16646872.0,CANCELLED,2025-07-29,2025-07-29 16:52:00
628,646,HaiPhong,681562.0,SHIPPING,2025-08-07,2025-08-07 02:40:00
373,195,HaNoi,9651302.0,SHIPPING,2025-04-17,2025-04-17 17:30:00
1210,197,HoChiMinh,18357818.0,CANCELLED,2025-05-02,2025-05-02 08:18:00
1632,118,NgheAn,13574436.0,PENDING,2025-04-01,2025-04-01 10:59:00
897,36,HaNoi,16389021.0,SHIPPING,2025-02-02,2025-02-02 22:45:00
993,51,CanTho,8363152.0,COMPLETED,2025-09-19,2025-09-19 19:54:00
1087,197,CanTho,11685876.0,SHIPPING,2025-03-29,2025-03-29 10:08:00
1847,16,HaiPhong,15473055.0,COMPLETED,2025-02-07,2025-02-07 06:19:00
353,127,HoChiMinh,1572521.0,SHIPPING,2025-06-02,2025-06-02 02:31:00
504,90,NgheAn,19074038.0,SHIPPING,2025-06-12,2025-06-12 07:40:00
2124,81,CanTho,12578657.0,Pending,2025-10-01,2025-10-01 02:12:00
272,156,CanTho,1784658.0,PENDING,2025-02-25,2025-02-25 00:23:00
2174,113,HaiPhong,13838697.0,COMPLETED,2025-08-17,2025-08-17 07:22:00
2571,196,CanTho,9105908.0,COMPLETED,2025-02-24,2025-02-24 19:07:00
29,162,HaiPhong,18056468.0,SHIPPING,2025-07-28,2025-07-28 07:37:00
1306,1,HoChiMinh,14089838.0,PENDING,2025-07-06,2025-07-06 07:34:00
1475,95,HoChiMinh,11217505.0,PENDING,2025-02-15,2025-02-15 01:14:00
750,10,NgheAn,14067862.0,CANCELLED,2025-10-26,2025-10-26 12:10:00
555,37,HaiPhong,3691660.0,SHIPPING,2025-10-25,2025-10-25 08:18:00
2576,162,CanTho,6317571.0,SHIPPING,2025-10-14,2025-10-14 00:17:00
1412,148,DaNang,8700932.0,COMPLETED,2025-10-28,2025-10-28 18:19:00
2412,95,NgheAn,11068756.0,COMPLETED,2025-02-10,2025-02-10 00:27:00
1200,28,HoChiMinh,12892999.0,PENDING,2025-06-05,2025-06-05 19:12:00
169,59,CanTho,19648405.0,cancelled,2025-07-25,2025-07-25 10:24:00
2355,22,NgheAn,-108128,PENDING,2025-03-12,2025-03-12 23:33:00
809,54,HoChiMinh,4036665.0,PENDING,2025-09-20,2025-09-20 16:46:00
1586,121,HoChiMinh,12273464.0,COMPLETED,,2025-08-04 20:35:00
573,144,HoChiMinh,14464695.0,PENDING,2025-06-18,2025-06-18 12:25:00
2266,653,HaiPhong,18495645.0,SHIPPING,2025-02-25,2025-02-25 15:58:00
545,114,NgheAn,1147395.0,SHIPPING,2025-07-18,2025-07-18 09:54:00
494,91,NgheAn,12379492.0,COMPLETED,2025-07-30,2025-07-31 13:02:00
106,87,HaNoi,14707066.0,CANCELLED,2025-08-29,2025-08-29 12:41:00
2252,151,CanTho,19963053.0,PENDING,2025-03-02,2025-03-02 01:15:00
720,85,CanTho,6043596.0,PENDING,2025-06-12,2025-06-12 12:36:00
1819,131,DaNang,16849527.0,COMPLETED,2025-05-29,2025-05-29 14:38:00
2522,168,DaNang,10917187.0,PENDING,2025-01-02,2025-01-02 00:19:00
1545,133,NgheAn,4376575.0,COMPLETED,2025-08-18,2025-08-18 10:25:00
666,636,NgheAn,16004503.0,COMPLETED,2025-07-07,2025-07-07 22:43:00
528,99,NgheAn,11718700.0,COMPLETED,2025-01-13,2025-01-13 22:16:00
1290,100,DaNang,2757827.0,COMPLETED,2025-02-12,2025-02-12 16:02:00
2087,39,CanTho,4689185.0,PENDING,2025-07-20,2025-07-20 10:19:00
59,20,HaNoi,0,COMPLETED,2025-07-31,2025-07-31 04:43:00
960,177,DaNang,19751337.0,PENDING,2025-10-25,2025-10-25 11:40:00
1906,187,DaNang,19008851.0,COMPLETED,2025-08-02,2025-08-02 04:55:00
1710,182,DaNang,9972697.0,SHIPPING,2025-04-09,2025-04-09 20:06:00
1333,38,DaNang,4978420.0,SHIPPING,2025-05-27,2025-05-27 20:36:00
1169,85,HoChiMinh,6918371.0,SHIPPING,2025-01-22,2025-01-22 07:28:00
1023,43,CanTho,16666601.0,PENDING,2025-09-14,2025-09-14 04:51:00
140,200,DaNang,17910726.0,SHIPPING,2025-10-22,2025-10-22 19:27:00
777,36,HaNoi,5624193.0,SHIPPING,2025-09-15,2025-09-15 01:41:00
748,68,NgheAn,1477918.0,PENDING,2025-10-21,2025-10-21 20:58:00
2081,197,HaiPhong,19849642.0,PENDING,2025-01-02,2025-01-02 11:08:00
775,84,HaiPhong,18230830.0,SHIPPING,2025-06-08,2025-06-08 13:51:00
382,56,HaiPhong,19176653.0,Shipping,2025-02-06,2025-02-06 17:34:00
2594,4,DaNang,13091509.0,COMPLETED,2025-08-31,2025-08-31 13:24:00
1001,86,NgheAn,3686279.0,COMPLETED,2025-05-02,2025-05-02 06:29:00
1582,198,DaNang,3775203.0,SHIPPING,2025-04-16,2025-04-16 06:58:00
2592,45,HaiPhong,15114127.0,COMPLETED,2025-07-11,2025-07-11 14:20:00
167,9,NgheAn,18431632.0,PENDING,2025-10-16,2025-10-16 07:18:00
1282,159,HaNoi,306971.0,SHIPPING,2025-05-03,2025-05-03 20:30:00
2511,104,HoChiMinh,16237155.0,CANCELLED,2025-02-04,2025-02-04 15:39:00
686,56,HoChiMinh,930524.0,COMPLETED,2025-01-19,2025-01-19 06:43:00
938,119,HaiPhong,14294354.0,SHIPPING,2025-03-31,2025-03-31 18:11:00
1646,54,CanTho,3616040.0,CANCELLED,2025-09-16,2025-09-16 16:38:00
920,81,NgheAn,17530791.0,SHIPPING,2025-07-27,2025-07-27 05:07:00
2205,124,HaiPhong,13147223.0,PENDING,2025-01-30,2025-01-30 14:40:00
138,65,HaNoi,15497738.0,PENDING,2025-02-26,2025-02-26 03:48:00
1206,4,HaiPhong,19927594.0,SHIPPING,31/02/2025,2025-02-21 23:45:00
2714,28,HaiPhong,17004292.0,PENDING,2025-05-10,2025-05-10 11:37:00
1362,150,CanTho,376125.0,SHIPPING,2025-04-28,2025-04-28 11:14:00
2319,80,HaiPhong,619704.0,SHIPPING,2025-03-25,2025-03-25 23:15:00
1795,117,HaNoi,18298156.0,PENDING,2025-09-25,2025-09-25 19:57:00
1833,141,HoChiMinh,7226671.0,COMPLETED,31/02/2025,2025-08-09 05:53:00
1359,14,DaNang,13855296.0,COMPLETED,2025-03-11,2025-03-11 19:49:00
1287,197,HaiPhong,984251.0,CANCELLED,2025-09-11,2025-09-11 03:16:00
57,122,DaNang,4742723.0,PENDING,2025-09-12,2025-09-12 13:31:00
2005,154,DaNang,16095711.0,PENDING,2025-04-25,2025-04-25 19:48:00
2120,18,NgheAn,,CANCELLED,2025-06-06,2025-06-06 13:36:00
513,141,HaiPhong,9471872.0,SHIPPING,2025-07-09,2025-07-09 15:10:00
1472,184,HaNoi,6589444.0,Completed,2025-10-16,2025-10-16 14:13:00
1135,165,HoChiMinh,10728825.0,PENDING,2025-05-28,2025-05-28 20:25:00
1377,57,HaNoi,14674844.0,COMPLETED,2025-05-05,2025-05-05 16:40:00
2322,26,HaiPhong,3789365.0,Pending,2025-03-30,2025-03-30 08:16:00
85,88,HoChiMinh,4401702.0,CANCELLED,2025-01-11,2025-01-11 01:56:00
2947,98,NgheAn,18561580.0,COMPLETED,2025-01-29,2025-01-29 06:41:00
2788,67,CanTho,16614404.0,COMPLETED,2025-08-21,2025-08-21 10:48:00
1979,138,HaiPhong,8259994.0,SHIPPING,2025-03-06,2025-03-06 10:21:00
81,82,CanTho,17682691.0,Pending,2025-03-12,2025-03-12 19:22:00
1596,136,NgheAn,11038357.0,CANCELLED,2025-01-29,2025-01-29 03:05:00
866,160,CanTho,15531867.0,PENDING,2025-04-17,2025-04-17 05:56:00
283,19,HaNoi,11912574.0,CANCELLED,2025-03-05,2025-03-05 00:26:00
875,90,NgheAn,18280150.0,SHIPPING,2025-04-08,2025-04-08 15:47:00
430,55,HaiPhong,15341452.0,CANCELLED,2025-05-15,2025-05-15 02:54:00
1434,148,HoChiMinh,2270017.0,SHIPPING,2025-06-21,2025-06-21 08:38:00
2382,29,NgheAn,14493488.0,PENDING,2025-04-16,2025-04-16 00:30:00
794,322,NgheAn,13411518.0,PENDING,2025-06-01,2025-06-01 19:20:00
2257,139,HoChiMinh,8855791.0,Shipping,2025-03-02,2025-03-02 04:43:00
126,200,NgheAn,5536513.0,CANCELLED,2025-09-23,2025-09-23 17:30:00
2642,164,NgheAn,10953564.0,COMPLETED,2025-04-30,2025-05-01 03:57:00
114,170,HoChiMinh,9545288.0,SHIPPING,2025-13-40,2025-03-29 14:48:00
192,113,DaNang,930696.0,PENDING,2025-06-29,2025-06-29 21:52:00
1469,70,CanTho,12139791.0,COMPLETED,2025-05-03,2025-05-03 20:59:00
1198,149,CanTho,15509598.0,CANCELLED,2025-09-13,2025-09-13 22:44:00
1444,471,NgheAn,13798030.0,COMPLETED,2025-07-07,2025-07-07 07:52:00
977,34,NgheAn,429915.0,PENDING,2025-01-22,2025-01-22 08:32:00
630,136,DaNang,2925506.0,CANCELLED,2025-07-15,2025-07-15 13:27:00
2674,190,HaiPhong,18268591.0,CANCELLED,2025-09-24,2025-09-26 01:50:00
332,91,HoChiMinh,1987805.0,COMPLETED,2025-09-26,2025-09-26 19:56:00
2506,41,CanTho,19897065.0,PENDING,2025-01-08,2025-01-08 18:31:00
99,61,HaNoi,9165443.0,CANCELLED,2025-02-25,2025-02-25 23:00:00
2599,6,CanTho,18175584.0,SHIPPING,2025-10-10,2025-10-10 01:33:00
910,136,HoChiMinh,12080897.0,SHIPPING,2025-02-02,2025-02-02 11:38:00
2732,129,CanTho,19135402.0,CANCELLED,2025-06-19,2025-06-19 17:21:00
2998,40,CanTho,6445462.0,SHIPPING,2025-10-19,2025-10-19 17:01:00
1821,5,HaiPhong,2807309.0,PENDING,2025-04-17,2025-04-18 13:02:00
518,80,HoChiMinh,10943237.0,shipping,2025-07-15,2025-07-15 18:59:00
1592,41,CanTho,16309926.0,CANCELLED,2025-10-13,2025-10-13 00:59:00
1682,85,CanTho,5310654.0,SHIPPING,2025-07-20,2025-07-20 17:47:00
96,92,HaiPhong,2680169.0,COMPLETED,2025-01-21,2025-01-21 23:06:00
1958,63,DaNang,15730660.0,SHIPPING,2025-10-27,2025-10-27 19:52:00
1641,140,DaNang,688701.0,pending,2025-09-30,2025-09-30 05:34:00
153,20,NgheAn,1628212.0,SHIPPING,2025-03-12,2025-03-12 00:41:00
1763,34,HoChiMinh,-142191,SHIPPING,2025-07-22,2025-07-22 11:55:00
2075,176,HaNoi,16917290.0,PENDING,2025-01-16,2025-01-16 11:26:00
1311,435,CanTho,5619726.0,PENDING,2025-08-16,2025-08-16 20:11:00
512,172,DaNang,2006369.0,PENDING,2025-09-02,2025-09-02 02:22:00
2185,121,NgheAn,10964072.0,PENDING,2025-07-06,2025-07-06 19:52:00
2037,193,HaNoi,5630976.0,CANCELLED,2025-03-20,2025-03-20 14:38:00
1910,12,NgheAn,8960917.0,PENDING,2025-01-30,2025-01-30 12:43:00
431,42,NgheAn,3830282.0,COMPLETED,2025-05-23,2025-05-23 10:57:00
302,64,HoChiMinh,17157105.0,COMPLETED,31/02/2025,2025-10-07 02:37:00
2325,3,NgheAn,17074765.0,PENDING,2025-07-10,2025-07-10 05:56:00
2965,161,HoChiMinh,3198276.0,SHIPPING,2025-03-05,2025-03-05 22:57:00
1674,175,HaiPhong,4459975.0,SHIPPING,2025-05-17,2025-05-17 05:37:00
425,65,HaNoi,128053.0,CANCELLED,31/02/2025,2025-07-31 14:19:00
2750,182,HaiPhong,4748231.0,PENDING,2025-07-24,2025-07-24 06:11:00
2911,75,DaNang,12012330.0,SHIPPING,2025-09-09,2025-09-09 22:59:00
1668,50,CanTho,2226919.0,CANCELLED,2025-04-08,2025-04-08 23:33:00
1707,42,HaNoi,10622632.0,PENDING,2025-03-26,2025-03-26 23:15:00
640,33,NgheAn,16298884.0,SHIPPING,2025-02-21,2025-02-21 02:35:00
441,109,HaNoi,14393079.0,SHIPPING,2025-04-08,2025-04-08 10:21:00
1597,166,HaiPhong,8186040.0,PENDING,2025-08-15,2025-08-15 21:43:00
214,100,CanTho,407836.0,PENDING,2025-09-03,2025-09-03 19:30:00
2376,132,NgheAn,18783156.0,COMPLETED,2025-10-21,2025-10-21 02:56:00
516,34,HaiPhong,9810042.0,PENDING,2025-04-07,2025-04-07 06:31:00
1392,38,HoChiMinh,1309553.0,COMPLETED,2025-01-16,2025-01-16 04:02:00
1522,49,CanTho,17880906.0,SHIPPING,2025-02-04,2025-02-04 20:52:00
1028,10,HoChiMinh,3709610.0,SHIPPING,2025-02-21,2025-02-21 23:53:00
379,126,HaiPhong,818660.0,COMPLETED,2025-03-11,2025-03-11 09:32:00
1768,184,HaiPhong,742943.0,COMPLETED,,2025-08-29 15:15:00
2167,130,CanTho,0,COMPLETED,2025-08-04,2025-08-04 12:38:00
182,21,HaiPhong,3580758.0,CANCELLED,2025-04-16,2025-04-16 09:14:00
33,88,HoChiMinh,14133735.0,SHIPPING,2025-02-01,2025-02-01 16:16:00
828,150,CanTho,17534076.0,SHIPPING,2025-04-21,2025-04-21 16:06:00
2142,61,DaNang,242733.0,PENDING,2025-10-11,2025-10-11 02:45:00
2745,173,HaiPhong,-340716,COMPLETED,2025-08-20,2025-08-20 03:29:00
2581,169,HoChiMinh,1652950.0,CANCELLED,2025-03-23,2025-03-23 04:16:00
1532,157,DaNang,5391372.0,pending,2025-03-12,2025-03-12 05:29:00
1284,102,HaNoi,7673646.0,PENDING,2025-07-28,2025-07-28 00:47:00
162,76,HaNoi,17229617.0,SHIPPING,2025-07-22,2025-07-22 07:03:00
2963,94,CanTho,16078132.0,PENDING,2025-07-30,2025-07-30 14:02:00
574,169,HaNoi,2011117.0,PENDING,2025-08-07,2025-08-07 01:44:00
293,168,HaNoi,3022453.0,SHIPPING,2025-05-03,2025-05-03 19:56:00
2839,82,NgheAn,379089.0,CANCELLED,2025-05-22,2025-05-22 22:21:00
1669,69,HaiPhong,15839686.0,PENDING,2025-04-07,2025-04-07 11:02:00
2399,99,CanTho,6563470.0,CANCELLED,2025-01-09,2025-01-09 06:02:00
2470,36,NgheAn,4380316.0,COMPLETED,2025-09-18,2025-09-18 08:23:00
71,90,HaNoi,0,COMPLETED,2025-10-09,2025-10-09 22:04:00
2840,133,NgheAn,9988451.0,SHIPPING,2025-07-22,2025-07-22 01:05:00
843,91,HoChiMinh,19249336.0,COMPLETED,2025-03-24,2025-03-24 05:32:00
589,153,HoChiMinh,,COMPLETED,2025-04-29,2025-04-29 14:14:00
1397,162,HaNoi,19355785.0,COMPLETED,2025-02-13,2025-02-13 11:12:00
1063,146,HaiPhong,,PENDING,2025-09-18,2025-09-18 03:33:00
586,62,HoChiMinh,4532832.0,SHIPPING,31/02/2025,2025-03-23 23:37:00
2973,117,DaNang,5840437.0,CANCELLED,2025-05-05,2025-05-07 10:52:00
2538,145,NgheAn,19577398.0,COMPLETED,2025-03-27,2025-03-27 03:17:00
502,128,HaNoi,14743671.0,CANCELLED,2025-06-17,2025-06-17 22:36:00
1832,182,CanTho,2410573.0,COMPLETED,2025-10-10,2025-10-10 05:39:00
2079,44,NgheAn,12303815.0,SHIPPING,2025-09-28,2025-09-28 16:00:00
2132,118,HaNoi,19884278.0,CANCELLED,2025-08-05,2025-08-05 06:10:00
1121,5,CanTho,14403672.0,SHIPPING,2025-04-09,2025-04-09 12:42:00
1503,145,CanTho,6855753.0,CANCELLED,2025-05-05,2025-05-05 11:56:00
1796,114,CanTho,11077678.0,PENDING,2025-02-16,2025-02-17 21:26:00
93,166,HaiPhong,3664747.0,SHIPPING,2025-02-17,2025-02-17 08:10:00
1611,19,HaNoi,15249667.0,SHIPPING,2025-07-07,2025-07-07 18:31:00
1724,156,HoChiMinh,14001074.0,COMPLETED,2025-06-29,2025-06-29 13:57:00
226,112,HoChiMinh,11629422.0,CANCELLED,2025-05-20,2025-05-20 18:04:00
2248,157,HaNoi,4576167.0,SHIPPING,2025-01-14,2025-01-14 06:42:00
2926,170,DaNang,18709894.0,COMPLETED,2025-03-16,2025-03-16 21:53:00
2135,9,HoChiMinh,1548530.0,shipping,2025-07-12,2025-07-12 07:40:00
2002,129,HoChiMinh,13540971.0,PENDING,2025-01-17,2025-01-17 08:03:00
1456,309,NgheAn,1825331.0,SHIPPING,2025-05-06,2025-05-06 03:38:00
248,163,HoChiMinh,10918101.0,COMPLETED,2025-03-25,2025-03-25 06:57:00
1902,110,NgheAn,1861234.0,PENDING,,2025-08-19 15:59:00
2923,22,HaiPhong,3543357.0,COMPLETED,2025-01-03,2025-01-03 11:04:00
1694,43,HoChiMinh,12858431.0,PENDING,2025-08-30,2025-08-30 17:06:00
661,183,NgheAn,3227137.0,PENDING,2025-04-04,2025-04-04 10:40:00
2857,188,CanTho,14194735.0,SHIPPING,2025-06-22,2025-06-22 18:34:00
137,122,DaNang,5350703.0,Pending,2025-09-28,2025-09-28 12:36:00
1136,51,NgheAn,11158397.0,SHIPPING,2025-04-02,2025-04-02 09:29:00
144,38,DaNang,9316334.0,SHIPPING,2025-06-02,2025-06-02 17:27:00
2840,133,NgheAn,4662876.0,COMPLETED,2025-07-22,2025-07-22 06:05:00
1850,28,NgheAn,6815748.0,SHIPPING,2025-01-26,2025-01-26 15:39:00
2144,116,DaNang,-10896,PENDING,2025-09-05,2025-09-05 12:13:00
365,98,HaiPhong,11860205.0,completed,2025-06-24,2025-06-24 20:31:00
2326,607,DaNang,10818155.0,CANCELLED,2025-01-24,2025-01-24 11:34:00
1747,197,HoChiMinh,2167480.0,SHIPPING,2025-06-17,2025-06-17 02:10:00
1368,64,HaNoi,18059051.0,PENDING,2025-02-23,2025-02-23 07:43:00
1114,167,CanTho,12823848.0,Shipping,2025-01-03,2025-01-03 12:13:00
37,118,HaNoi,4563453.0,SHIPPING,2025-04-07,2025-04-07 17:52:00
1446,129,HaiPhong,18721108.0,PENDING,2025-05-16,2025-05-16 18:43:00
113,140,HaNoi,250596.0,COMPLETED,2025-07-12,2025-07-12 17:11:00
1154,59,HaNoi,2370545.0,PENDING,2025-05-26,2025-05-26 06:58:00
274,53,HaNoi,7114881.0,COMPLETED,2025-09-03,2025-09-03 18:19:00
405,128,DaNang,16177279.0,CANCELLED,2025-07-14,2025-07-14 15:13:00
1418,115,HaiPhong,4288474.0,CANCELLED,2025-05-10,2025-05-10 03:44:00
2091,200,HoChiMinh,19287860.0,PENDING,2025-10-21,2025-10-21 11:45:00
872,184,DaNang,3860419.0,COMPLETED,2025-03-01,2025-03-01 22:17:00
2943,151,HaNoi,16049453.0,PENDING,2025-07-16,2025-07-16 15:52:00
475,198,HaNoi,13315102.0,CANCELLED,2025-04-06,2025-04-06 15:41:00
2146,137,HaiPhong,1476738.0,SHIPPING,2025-01-18,2025-01-18 00:27:00
604,44,HoChiMinh,54088.0,SHIPPING,2025-06-25,2025-06-25 18:11:00
1604,142,HaNoi,3309017.0,CANCELLED,2025-09-14,2025-09-14 04:37:00
870,163,HaNoi,14558971.0,CANCELLED,2025-07-28,2025-07-28 17:29:00
1924,50,HaNoi,15881464.0,CANCELLED,,2025-05-22 06:03:00
1978,60,NgheAn,16051791.0,PENDING,2025-01-05,2025-01-05 07:32:00
239,191,HaiPhong,6645050.0,CANCELLED,2025-06-16,2025-06-16 08:16:00
1369,189,HoChiMinh,8161254.0,CANCELLED,2025-07-02,2025-07-02 01:15:00
975,9,NgheAn,5731886.0,SHIPPING,2025-06-20,2025-06-20 09:55:00
2924,161,CanTho,2767682.0,COMPLETED,2025-05-01,2025-05-01 10:56:00
2416,70,HoChiMinh,13585069.0,SHIPPING,2025-03-01,2025-03-01 13:06:00
1043,88,HoChiMinh,914591.0,SHIPPING,31/02/2025,2025-04-03 17:07:00
1329,115,HaiPhong,9271492.0,SHIPPING,2025-08-12,2025-08-12 14:26:00
1398,180,HoChiMinh,19270707.0,COMPLETED,2025-03-05,2025-03-05 10:21:00
655,170,HoChiMinh,5327988.0,SHIPPING,2025-05-12,2025-05-12 16:40:00
1975,200,HaiPhong,2892264.0,PENDING,2025-01-26,2025-01-26 16:36:00
310,181,HaNoi,17229460.0,PENDING,2025-01-19,2025-01-19 03:26:00
1681,53,HaiPhong,16483965.0,COMPLETED,2025-07-01,2025-07-01 01:41:00
2287,105,HaNoi,16282823.0,CANCELLED,2025-06-20,2025-06-20 16:41:00
1992,114,HaiPhong,3587339.0,COMPLETED,2025-08-05,2025-08-05 15:56:00
2241,15,DaNang,3398347.0,SHIPPING,2025-02-22,2025-02-22 06:12:00
1897,137,DaNang,4202615.0,SHIPPING,2025-05-30,2025-06-01 07:06:00
1312,24,DaNang,15524607.0,SHIPPING,2025-03-01,2025-03-01 04:10:00
1816,155,CanTho,19834988.0,SHIPPING,2025-10-22,2025-10-23 01:53:00
2122,156,HaNoi,5776686.0,SHIPPING,2025-05-02,2025-05-03 16:58:00
947,195,CanTho,17210732.0,SHIPPING,2025-05-20,2025-05-20 15:03:00
150,152,CanTho,9277620.0,CANCELLED,2025-09-08,2025-09-08 14:24:00
2917,119,HaiPhong,18712977.0,PENDING,2025-01-27,2025-01-27 05:59:00
727,125,HaiPhong,13388151.0,CANCELLED,2025-13-40,2025-02-03 02:43:00
2738,88,HaiPhong,16041541.0,COMPLETED,2025-02-09,2025-02-09 04:43:00
1574,614,NgheAn,14080410.0,SHIPPING,2025-07-09,2025-07-09 09:06:00
1721,18,HaNoi,15072289.0,CANCELLED,2025-06-16,2025-06-16 02:15:00
2630,172,NgheAn,7232275.0,COMPLETED,2025-13-40,2025-10-08 17:14:00
389,93,HaiPhong,1709727.0,PENDING,2025-10-17,2025-10-17 02:11:00
1202,44,HaiPhong,17311348.0,SHIPPING,2025-07-25,2025-07-26 04:01:00
2240,55,NgheAn,8347495.0,PENDING,2025-05-08,2025-05-08 13:00:00
1195,188,HaiPhong,14191137.0,shipping,2025-03-31,2025-03-31 13:35:00
2628,81,HaiPhong,17313999.0,SHIPPING,2025-08-11,2025-08-11 15:10:00
827,92,DaNang,12364337.0,PENDING,2025-08-19,2025-08-19 17:55:00
603,59,DaNang,16566289.0,SHIPPING,2025-03-27,2025-03-27 17:55:00
1177,31,HaiPhong,12047992.0,COMPLETED,2025-05-18,2025-05-18 16:02:00
925,67,CanTho,10314646.0,SHIPPING,31/02/2025,2025-06-28 00:22:00
2512,175,HaiPhong,9602343.0,PENDING,2025-02-25,2025-02-25 14:18:00
1497,12,NgheAn,19528101.0,SHIPPING,2025-04-27,2025-04-27 06:22:00
1419,154,HoChiMinh,7115775.0,COMPLETED,2025-04-09,2025-04-09 05:51:00
594,168,NgheAn,5057536.0,COMPLETED,2025-08-02,2025-08-02 04:53:00
484,181,NgheAn,2420176.0,SHIPPING,2025-07-10,2025-07-10 13:15:00
721,1,HaiPhong,2027942.0,COMPLETED,2025-07-04,2025-07-04 09:29:00
493,103,CanTho,18771890.0,CANCELLED,2025-08-20,2025-08-20 13:06:00
726,162,HaiPhong,13533223.0,Cancelled,2025-02-09,2025-02-09 11:54:00
734,33,DaNang,2344687.0,Completed,2025-09-19,2025-09-19 17:44:00
2999,29,CanTho,19236167.0,PENDING,2025-10-12,2025-10-12 17:06:00
121,149,DaNang,12751275.0,PENDING,2025-03-17,2025-03-18 00:14:00
2608,47,CanTho,17735768.0,CANCELLED,2025-09-27,2025-09-27 05:31:00
1365,99,HoChiMinh,13103285.0,COMPLETED,31/02/2025,2025-03-19 19:14:00
1914,118,NgheAn,3040930.0,COMPLETED,2025-05-14,2025-05-14 05:46:00
1895,93,HaiPhong,9258425.0,CANCELLED,2025-03-09,2025-03-09 21:13:00
1052,145,HaiPhong,9177002.0,PENDING,2025-04-02,2025-04-02 12:32:00
2377,102,HaNoi,7039987.0,SHIPPING,2025-07-03,2025-07-03 18:50:00
2671,128,HaiPhong,15803840.0,SHIPPING,2025-03-10,2025-03-10 20:35:00
1692,32,HaNoi,19396026.0,COMPLETED,2025-01-17,2025-01-17 23:20:00
1337,164,HoChiMinh,12728268.0,SHIPPING,2025-09-05,2025-09-05 06:39:00
778,48,DaNang,10616701.0,PENDING,2025-04-07,2025-04-07 09:53:00
2997,6,HoChiMinh,9841275.0,SHIPPING,2025-02-06,2025-02-06 01:27:00
682,117,HoChiMinh,16986249.0,COMPLETED,2025-07-14,2025-07-14 18:13:00
1364,143,DaNang,2564807.0,COMPLETED,2025-04-01,2025-04-02 14:59:00
1559,1,NgheAn,5855676.0,PENDING,2025-09-01,2025-09-01 07:14:00
438,430,HaNoi,3879596.0,SHIPPING,2025-09-07,2025-09-07 18:24:00
1425,6,HaiPhong,6145532.0,COMPLETED,2025-07-04,2025-07-04 22:26:00
1883,145,DaNang,12644681.0,CANCELLED,2025-10-23,2025-10-23 15:02:00
2783,3,NgheAn,16543597.0,PENDING,2025-01-07,2025-01-07 12:29:00
1260,132,NgheAn,1385209.0,SHIPPING,2025-01-30,2025-01-30 03:04:00
522,160,NgheAn,7714019.0,COMPLETED,2025-03-04,2025-03-04 08:54:00
918,94,HaiPhong,17209827.0,COMPLETED,2025-01-26,2025-01-26 18:46:00
495,67,HaiPhong,16632624.0,COMPLETED,2025-06-29,2025-06-29 03:19:00
1947,90,HaiPhong,16977096.0,PENDING,2025-01-15,2025-01-15 07:53:00
307,182,HoChiMinh,15114323.0,SHIPPING,2025-08-28,2025-08-28 03:17:00
1625,103,HoChiMinh,15041970.0,shipping,2025-06-25,2025-06-25 07:08:00
544,66,DaNang,2332475.0,CANCELLED,2025-02-20,2025-02-20 12:01:00
9,42,NgheAn,10843807.0,PENDING,2025-08-23,2025-08-23 20:41:00
1878,73,CanTho,14036744.0,COMPLETED,2025-09-28,2025-09-28 06:23:00
449,178,HaiPhong,6337141.0,PENDING,2025-09-27,2025-09-27 04:28:00
1818,7,HaiPhong,17832298.0,CANCELLED,2025-02-28,2025-02-28 06:18:00
1697,57,DaNang,5977490.0,CANCELLED,2025-06-08,2025-06-08 04:34:00
69,67,DaNang,2059483.0,SHIPPING,2025-02-01,2025-02-01 14:16:00
2429,146,HaNoi,15622102.0,COMPLETED,2025-10-09,2025-10-09 12:29:00
939,139,NgheAn,10452367.0,pending,2025-09-30,2025-09-30 07:03:00
2433,135,HaNoi,16777415.0,CANCELLED,,2025-02-25 20:04:00
2551,42,HoChiMinh,17295452.0,SHIPPING,2025-07-26,2025-07-26 03:41:00
1108,197,HoChiMinh,4886520.0,CANCELLED,2025-08-22,2025-08-22 16:07:00
815,23,HaNoi,5934013.0,COMPLETED,2025-01-27,2025-01-27 17:47:00
675,18,DaNang,2553193.0,CANCELLED,2025-08-27,2025-08-27 05:55:00
667,127,NgheAn,3307677.0,CANCELLED,2025-09-27,2025-09-27 07:37:00
869,12,HoChiMinh,10167088.0,SHIPPING,,2025-10-25 01:59:00
2910,5,DaNang,3447700.0,CANCELLED,2025-04-14,2025-04-14 14:33:00
1584,105,HaNoi,663854.0,CANCELLED,2025-09-15,2025-09-15 11:43:00
688,92,DaNang,17128788.0,PENDING,2025-07-02,2025-07-02 20:57:00
2472,154,DaNang,6647062.0,COMPLETED,2025-06-16,2025-06-16 23:50:00
1987,91,DaNang,16807879.0,CANCELLED,2025-01-02,2025-01-02 06:39:00
158,133,HoChiMinh,7459208.0,COMPLETED,2025-04-10,2025-04-10 15:35:00
1046,37,HaNoi,15584889.0,SHIPPING,2025-09-15,2025-09-15 02:37:00
2070,199,DaNang,13246668.0,PENDING,2025-07-25,2025-07-25 09:58:00
134,67,CanTho,19820016.0,PENDING,2025-01-03,2025-01-03 17:56:00
2689,288,DaNang,12658441.0,SHIPPING,2025-10-03,2025-10-03 22:29:00
109,22,CanTho,4301847.0,Pending,2025-04-15,2025-04-15 04:28:00
2220,176,HoChiMinh,689065.0,SHIPPING,2025-07-22,2025-07-22 17:52:00
2675,199,HaiPhong,1142849.0,SHIPPING,2025-10-26,2025-10-26 18:17:00
2256,120,HaiPhong,12826879.0,PENDING,2025-07-14,2025-07-14 15:52:00
432,185,HaiPhong,6548883.0,CANCELLED,2025-04-15,2025-04-15 20:07:00
2161,2,DaNang,11313037.0,PENDING,2025-06-05,2025-06-05 06:48:00
284,36,HaiPhong,9998891.0,SHIPPING,2025-03-20,2025-03-20 06:32:00
1352,135,DaNang,19156165.0,COMPLETED,2025-07-22,2025-07-22 11:45:00
856,35,DaNang,15352846.0,CANCELLED,2025-05-02,2025-05-02 13:28:00
2425,87,NgheAn,12795646.0,CANCELLED,2025-05-02,2025-05-02 00:11:00
842,146,CanTho,18992153.0,SHIPPING,2025-10-08,2025-10-08 09:08:00
1568,128,NgheAn,16709128.0,CANCELLED,2025-10-14,2025-10-14 21:57:00
1792,124,HaiPhong,4929144.0,COMPLETED,2025-02-22,2025-02-22 07:25:00
341,121,HoChiMinh,10126444.0,PENDING,2025-05-05,2025-05-05 00:42:00
372,58,NgheAn,12817572.0,CANCELLED,2025-03-27,2025-03-27 21:16:00
2271,194,NgheAn,12665629.0,CANCELLED,2025-01-07,2025-01-07 03:50:00
1973,82,CanTho,10897072.0,SHIPPING,2025-09-14,2025-09-14 13:24:00
2663,41,CanTho,4693120.0,CANCELLED,2025-10-01,2025-10-01 15:33:00
597,180,HoChiMinh,1626426.0,CANCELLED,2025-08-11,2025-08-11 02:30:00
2841,127,DaNang,13726334.0,CANCELLED,2025-01-30,2025-01-30 07:37:00
982,168,CanTho,14767002.0,PENDING,2025-01-13,2025-01-13 19:19:00
2422,43,HaiPhong,19417012.0,COMPLETED,2025-09-20,2025-09-20 16:46:00
649,55,NgheAn,5030020.0,COMPLETED,2025-10-26,2025-10-26 05:41:00
1227,143,HaiPhong,8703050.0,CANCELLED,2025-02-10,2025-02-10 12:39:00
524,198,HaNoi,19476467.0,SHIPPING,2025-03-16,2025-03-16 11:35:00
2127,48,HoChiMinh,9491615.0,PENDING,31/02/2025,2025-03-10 06:22:00
487,161,HaNoi,981241.0,SHIPPING,2025-07-14,2025-07-14 14:40:00
1531,22,HaNoi,18903292.0,COMPLETED,2025-03-05,2025-03-05 06:16:00
1032,73,HaNoi,3915561.0,COMPLETED,2025-07-10,2025-07-10 01:50:00
1510,76,HaiPhong,13980626.0,CANCELLED,2025-13-40,2025-01-03 06:54:00
2760,104,NgheAn,1471130.0,COMPLETED,2025-02-28,2025-02-28 03:06:00
2188,61,HoChiMinh,,COMPLETED,2025-02-10,2025-02-10 16:30:00
1409,61,HoChiMinh,9816743.0,CANCELLED,2025-09-14,2025-09-14 11:55:00
2612,7,HaiPhong,5617524.0,CANCELLED,2025-04-18,2025-04-18 06:09:00
2763,33,HoChiMinh,17989191.0,CANCELLED,2025-02-20,2025-02-20 18:53:00
2972,73,DaNang,13712440.0,CANCELLED,2025-03-06,2025-03-06 11:50:00
761,62,HoChiMinh,6422530.0,COMPLETED,2025-09-21,2025-09-23 02:20:00
1297,58,DaNang,14064868.0,COMPLETED,2025-02-05,2025-02-05 02:12:00
2629,113,HaiPhong,597530.0,PENDING,2025-03-22,2025-03-22 01:35:00
873,51,CanTho,16314524.0,CANCELLED,2025-09-18,2025-09-18 18:36:00
610,72,CanTho,16940058.0,COMPLETED,2025-07-17,2025-07-17 11:52:00
163,50,NgheAn,1030089.0,CANCELLED,2025-06-15,2025-06-15 08:01:00
107,96,HaiPhong,17190293.0,CANCELLED,2025-06-13,2025-06-13 11:16:00
2152,75,NgheAn,8007312.0,CANCELLED,2025-03-30,2025-03-30 20:25:00
355,112,HaNoi,13524598.0,SHIPPING,2025-04-13,2025-04-13 04:57:00
243,60,HoChiMinh,2923412.0,CANCELLED,2025-04-22,2025-04-22 08:52:00
1421,32,HaiPhong,9750658.0,CANCELLED,2025-13-40,2025-03-04 11:37:00
102,148,HaNoi,13049150.0,COMPLETED,2025-02-28,2025-02-28 06:49:00
1006,5,HaNoi,11180891.0,COMPLETED,2025-06-17,2025-06-17 23:27:00
